-- Parsec Cloud (https://parsec.cloud) Copyright (c) BUSL-1.1 2016-present Scille SAS


-- cSpell:disable


--
-- Disable triggers to avoid chicken-egg problem when inserting devices & users
--

SET session_replication_role = replica;



--
-- Data for Name: organization; Type: TABLE DATA; Schema: public; Owner: postgres
--

INSERT INTO public.organization (_id, organization_id, bootstrap_token, root_verify_key, _expired_on, user_profile_outsider_allowed, active_users_limit, is_expired, _bootstrapped_on, _created_on, sequester_authority_certificate, sequester_authority_verify_key_der, minimum_archiving_period) VALUES (1001, 'CoolorgOrgTemplate', '34deacbe1cc45fb6b23a40b40928815f', '\x6cf33a5d230a2f47c11d962555a36bd43a6b6e9a77ec23a15d9dd8e6d167289c', NULL, true, NULL, false, '2000-01-02 01:00:00+01', '1970-01-01 01:00:00+01', NULL, NULL, 2592000);
INSERT INTO public.organization (_id, organization_id, bootstrap_token, root_verify_key, _expired_on, user_profile_outsider_allowed, active_users_limit, is_expired, _bootstrapped_on, _created_on, sequester_authority_certificate, sequester_authority_verify_key_der, minimum_archiving_period) VALUES (1002, 'Org1', '34deacbe1cc45fb6b23a40b40928815f', '\x6cf33a5d230a2f47c11d962555a36bd43a6b6e9a77ec23a15d9dd8e6d167289c', NULL, true, NULL, false, '2000-01-02 01:00:00+01', '1970-01-01 01:00:00+01', NULL, NULL, 2592000);


--
-- Data for Name: human; Type: TABLE DATA; Schema: public; Owner: postgres
--

INSERT INTO public.human (_id, organization, email, label) VALUES (3001, 1001, 'alice@example.com', 'Alicey McAliceFace');
INSERT INTO public.human (_id, organization, email, label) VALUES (3002, 1001, 'bob@example.com', 'Boby McBobFace');
INSERT INTO public.human (_id, organization, email, label) VALUES (3003, 1001, 'mallory@example.com', 'Malloryy McMalloryFace');
INSERT INTO public.human (_id, organization, email, label) VALUES (3004, 1002, 'alice@example.com', 'Alicey McAliceFace');
INSERT INTO public.human (_id, organization, email, label) VALUES (3005, 1002, 'bob@example.com', 'Boby McBobFace');
INSERT INTO public.human (_id, organization, email, label) VALUES (3006, 1002, 'mallory@example.com', 'Malloryy McMalloryFace');
INSERT INTO public.human (_id, organization, email, label) VALUES (3007, 1002, 'zack@invalid.com', 'Zack');
INSERT INTO public.human (_id, organization, email, label) VALUES (3008, 1002, 'marty@invalid.com', 'Marty Mc Fly');
INSERT INTO public.human (_id, organization, email, label) VALUES (3009, 1002, 'doc@invalid.com', 'Doc Emmett Brown');


--
-- Data for Name: user_; Type: TABLE DATA; Schema: public; Owner: postgres
--

INSERT INTO public.user_ (_id, organization, user_id, user_certificate, user_certifier, created_on, revoked_on, revoked_user_certificate, revoked_user_certifier, human, redacted_user_certificate, initial_profile, shamir_recovery, frozen) VALUES (4004, 1002, 'a11cec00-1000-0000-0000-000000000000', '\xaaf07ddf6213f4c72dedbcc7563f997e4fbf00be8e2c1c257d05b61b197c2f455246122ff10c2dc91afa588aaef57feb3eca7791baf1da44b41bdc24626337030028b52ffd0058b50600a40c88a474797065b0757365725f6365727469666963617465a6617574686f72c0a974696d657374616d70d70100035d15590f4000a76964d802a11cec001000ac68756d616e5f68616e646c6592b1616c696365406578616d706c652e636f6db2416c69636579204d6346616365aa7075626c69635f6b6579c4206005dabb2b30406076c8b37b006fced63e73fc6b48dc6af4c099320ef047326da9616c676f726974686db85832353531395f5853414c534132305f504f4c5931333035a770726f66696c65a541444d494e0300621105b79d60aba0', NULL, '2000-01-02 01:00:00+01', NULL, NULL, NULL, 3004, '\xf11251076238d7480c6b4c74d903a5e89f08dd7321c7ae13caba9bd443910f96d6d81bfb1e31299326a17838d5ac1aaeb251071c6805d9af507fe5526f4796070028b52ffd0058a50500a40a88a474797065b0757365725f6365727469666963617465a6617574686f72c0a974696d657374616d70d70100035d15590f4000a76964d802a11cec001000ac68756d616e5f68616e646c65c0aa7075626c69635f6b6579c4206005dabb2b30406076c8b37b006fced63e73fc6b48dc6af4c099320ef047326da9616c676f726974686db85832353531395f5853414c534132305f504f4c5931333035a770726f66696c65a541444d494e0200b845045b0505', 'ADMIN', NULL, false);
INSERT INTO public.user_ (_id, organization, user_id, user_certificate, user_certifier, created_on, revoked_on, revoked_user_certificate, revoked_user_certifier, human, redacted_user_certificate, initial_profile, shamir_recovery, frozen) VALUES (4005, 1002, '808c0010-0000-0000-0000-000000000000', '\x5b846aa9a8b381cc9e85f019da9f7b9dbd963a7b20513ca377bd3f623218437b7f4b531a8941b9b9b4da7c0c5dcc3829efc65bf614434799c4f31c82415c93040028b52ffd0058050700440d88a474797065b0757365725f6365727469666963617465a6617574686f72d802de10a11cec001000a974696d657374616d70d70100035d2976e6a000a76964d802808c000000ac68756d616e5f68616e646c6592af626f62406578616d706c652e636f6dae426f6279204d63426f6246616365aa7075626c69635f6b6579c4206005dabb2b30406076c8b37b006fced63e73fc6b48dc6af4c099320ef047326da9616c676f726974686db85832353531395f5853414c534132305f504f4c5931333035a770726f66696c65a85354414e4441524403004ead0cc265204019', 6001, '2000-01-03 01:00:00+01', NULL, NULL, NULL, 3005, '\xdd30e96c20bf731baf45a58cb6b99936ffc226c0b300d95edae52c6c59ffda7548482805fd4c0ee3cd84555d7d7806bc6403e8dac99fc08b7b95e242b4b162010028b52ffd00580d0600540b88a474797065b0757365725f6365727469666963617465a6617574686f72d802de10a11cec001000a974696d657374616d70d70100035d2976e6a000a76964d802808c000000ac68756d616e5f68616e646c65c0aa7075626c69635f6b6579c4206005dabb2b30406076c8b37b006fced63e73fc6b48dc6af4c099320ef047326da9616c676f726974686db85832353531395f5853414c534132305f504f4c5931333035a770726f66696c65a85354414e4441524403004ead0cc265204019', 'STANDARD', NULL, false);
INSERT INTO public.user_ (_id, organization, user_id, user_certificate, user_certifier, created_on, revoked_on, revoked_user_certificate, revoked_user_certifier, human, redacted_user_certificate, initial_profile, shamir_recovery, frozen) VALUES (4006, 1002, '3a11031c-0010-0000-0000-000000000000', '\xb4ff37c386757e7bb7fd0f0cdf45bb5b836bd2d923e60602af56a1a4ddeceacb25fef4c025f11ae6ded2e6b447da0f910ffc7620aa6043854ae45fec8fc869090028b52ffd0058250700340d88a474797065b0757365725f6365727469666963617465a6617574686f72d802de10a11cec001000a974696d657374616d70d70100035d65d06cc000a76964d8023a11031c00ac68756d616e5f68616e646c6592b36d616c6c6f7279406578616d706c652e636f6db64d79204d6346616365aa7075626c69635f6b6579c4206005dabb2b30406076c8b37b006fced63e73fc6b48dc6af4c099320ef047326da9616c676f726974686db85832353531395f5853414c534132305f504f4c5931333035a770726f66696c65a84f5554534944455205002e99f4e678508d0fc265204019', 6001, '2000-01-06 01:00:00+01', NULL, NULL, NULL, 3006, '\x7efbc3e3eccad3fd24737ac1261885c7d04e4eb2027f6bc89cfddc13fdc3b3a969bb5ad885b6fe44d877a4d5855de1c4bb1675e884bf0374751c2937bb5038060028b52ffd00580d0600540b88a474797065b0757365725f6365727469666963617465a6617574686f72d802de10a11cec001000a974696d657374616d70d70100035d65d06cc000a76964d8023a11031c00ac68756d616e5f68616e646c65c0aa7075626c69635f6b6579c4206005dabb2b30406076c8b37b006fced63e73fc6b48dc6af4c099320ef047326da9616c676f726974686db85832353531395f5853414c534132305f504f4c5931333035a770726f66696c65a84f555453494445520300508d0fc265204019', 'OUTSIDER', NULL, false);
INSERT INTO public.user_ (_id, organization, user_id, user_certificate, user_certifier, created_on, revoked_on, revoked_user_certificate, revoked_user_certifier, human, redacted_user_certificate, initial_profile, shamir_recovery, frozen) VALUES (4001, 1001, 'a11cec00-1000-0000-0000-000000000000', '\xaaf07ddf6213f4c72dedbcc7563f997e4fbf00be8e2c1c257d05b61b197c2f455246122ff10c2dc91afa588aaef57feb3eca7791baf1da44b41bdc24626337030028b52ffd0058b50600a40c88a474797065b0757365725f6365727469666963617465a6617574686f72c0a974696d657374616d70d70100035d15590f4000a76964d802a11cec001000ac68756d616e5f68616e646c6592b1616c696365406578616d706c652e636f6db2416c69636579204d6346616365aa7075626c69635f6b6579c4206005dabb2b30406076c8b37b006fced63e73fc6b48dc6af4c099320ef047326da9616c676f726974686db85832353531395f5853414c534132305f504f4c5931333035a770726f66696c65a541444d494e0300621105b79d60aba0', NULL, '2000-01-02 01:00:00+01', NULL, NULL, NULL, 3001, '\xf11251076238d7480c6b4c74d903a5e89f08dd7321c7ae13caba9bd443910f96d6d81bfb1e31299326a17838d5ac1aaeb251071c6805d9af507fe5526f4796070028b52ffd0058a50500a40a88a474797065b0757365725f6365727469666963617465a6617574686f72c0a974696d657374616d70d70100035d15590f4000a76964d802a11cec001000ac68756d616e5f68616e646c65c0aa7075626c69635f6b6579c4206005dabb2b30406076c8b37b006fced63e73fc6b48dc6af4c099320ef047326da9616c676f726974686db85832353531395f5853414c534132305f504f4c5931333035a770726f66696c65a541444d494e0200b845045b0505', 'ADMIN', NULL, false);
INSERT INTO public.user_ (_id, organization, user_id, user_certificate, user_certifier, created_on, revoked_on, revoked_user_certificate, revoked_user_certifier, human, redacted_user_certificate, initial_profile, shamir_recovery, frozen) VALUES (4002, 1001, '808c0010-0000-0000-0000-000000000000', '\x5b846aa9a8b381cc9e85f019da9f7b9dbd963a7b20513ca377bd3f623218437b7f4b531a8941b9b9b4da7c0c5dcc3829efc65bf614434799c4f31c82415c93040028b52ffd0058050700440d88a474797065b0757365725f6365727469666963617465a6617574686f72d802de10a11cec001000a974696d657374616d70d70100035d2976e6a000a76964d802808c000000ac68756d616e5f68616e646c6592af626f62406578616d706c652e636f6dae426f6279204d63426f6246616365aa7075626c69635f6b6579c4206005dabb2b30406076c8b37b006fced63e73fc6b48dc6af4c099320ef047326da9616c676f726974686db85832353531395f5853414c534132305f504f4c5931333035a770726f66696c65a85354414e4441524403004ead0cc265204019', 6001, '2000-01-03 01:00:00+01', NULL, NULL, NULL, 3002, '\xdd30e96c20bf731baf45a58cb6b99936ffc226c0b300d95edae52c6c59ffda7548482805fd4c0ee3cd84555d7d7806bc6403e8dac99fc08b7b95e242b4b162010028b52ffd00580d0600540b88a474797065b0757365725f6365727469666963617465a6617574686f72d802de10a11cec001000a974696d657374616d70d70100035d2976e6a000a76964d802808c000000ac68756d616e5f68616e646c65c0aa7075626c69635f6b6579c4206005dabb2b30406076c8b37b006fced63e73fc6b48dc6af4c099320ef047326da9616c676f726974686db85832353531395f5853414c534132305f504f4c5931333035a770726f66696c65a85354414e4441524403004ead0cc265204019', 'STANDARD', NULL, false);
INSERT INTO public.user_ (_id, organization, user_id, user_certificate, user_certifier, created_on, revoked_on, revoked_user_certificate, revoked_user_certifier, human, redacted_user_certificate, initial_profile, shamir_recovery, frozen) VALUES (4003, 1001, '3a11031c-0010-0000-0000-000000000000', '\xb4ff37c386757e7bb7fd0f0cdf45bb5b836bd2d923e60602af56a1a4ddeceacb25fef4c025f11ae6ded2e6b447da0f910ffc7620aa6043854ae45fec8fc869090028b52ffd0058250700340d88a474797065b0757365725f6365727469666963617465a6617574686f72d802de10a11cec001000a974696d657374616d70d70100035d65d06cc000a76964d8023a11031c00ac68756d616e5f68616e646c6592b36d616c6c6f7279406578616d706c652e636f6db64d79204d6346616365aa7075626c69635f6b6579c4206005dabb2b30406076c8b37b006fced63e73fc6b48dc6af4c099320ef047326da9616c676f726974686db85832353531395f5853414c534132305f504f4c5931333035a770726f66696c65a84f5554534944455205002e99f4e678508d0fc265204019', 6001, '2000-01-06 01:00:00+01', NULL, NULL, NULL, 3003, '\x7efbc3e3eccad3fd24737ac1261885c7d04e4eb2027f6bc89cfddc13fdc3b3a969bb5ad885b6fe44d877a4d5855de1c4bb1675e884bf0374751c2937bb5038060028b52ffd00580d0600540b88a474797065b0757365725f6365727469666963617465a6617574686f72d802de10a11cec001000a974696d657374616d70d70100035d65d06cc000a76964d8023a11031c00ac68756d616e5f68616e646c65c0aa7075626c69635f6b6579c4206005dabb2b30406076c8b37b006fced63e73fc6b48dc6af4c099320ef047326da9616c676f726974686db85832353531395f5853414c534132305f504f4c5931333035a770726f66696c65a84f555453494445520300508d0fc265204019', 'OUTSIDER', NULL, false);
INSERT INTO public.user_ (_id, organization, user_id, user_certificate, user_certifier, created_on, revoked_on, revoked_user_certificate, revoked_user_certifier, human, redacted_user_certificate, initial_profile, shamir_recovery, frozen) VALUES (4009, 1002, '4199c1e8-b09e-4486-99a3-7c6a55a6f322', '\xd796c9621bbfac07036afcb843b2d0af41f8e61b5bb03676f80cb3d6c536f5d90b1c83f9c99600b45556156e0e6dd7f720ee93114044afa7f67028bfc49fd5050028b52ffd005859070088a474797065b0757365725f6365727469666963617465a6617574686f72d802de10a11cec0010000000000000000000a974696d657374616d70d701000621b0f6e377fca7757365725f6964d8024199c1e8b09e448699a37c6a55a6f322ac68756d616e5f68616e646c6592af646f6340696e76616c69642e636f6db0446f6320456d6d6574742042726f776eaa7075626c69635f6b6579c42074edf91dc31abc00f08346a4449083af3d84e20ae16577f3c2abee0749c3c203a9616c676f726974686db85832353531395f5853414c534132305f504f4c5931333035a770726f66696c65a541444d494e', 6006, '2024-09-09 16:56:40.327164+02', NULL, NULL, NULL, 3009, '\x34b72383c874b5c78053c3175359cc216d5986468441853248669edea7f1671eb1d621e921b425c5d672fedf0d226e274a71bf8ef0636145a2b1c60f901080090028b52ffd005851060088a474797065b0757365725f6365727469666963617465a6617574686f72d802de10a11cec0010000000000000000000a974696d657374616d70d701000621b0f6e377fca7757365725f6964d8024199c1e8b09e448699a37c6a55a6f322ac68756d616e5f68616e646c65c0aa7075626c69635f6b6579c42074edf91dc31abc00f08346a4449083af3d84e20ae16577f3c2abee0749c3c203a9616c676f726974686db85832353531395f5853414c534132305f504f4c5931333035a770726f66696c65a541444d494e', 'ADMIN', NULL, false);
INSERT INTO public.user_ (_id, organization, user_id, user_certificate, user_certifier, created_on, revoked_on, revoked_user_certificate, revoked_user_certifier, human, redacted_user_certificate, initial_profile, shamir_recovery, frozen) VALUES (4008, 1002, '9bab8dd6-9000-4513-a12b-ff7a95e1fc95', '\x3eb058b91e8adc0f5cb0a9e5393a194352fe5116fdd6db923785980d1f4bc892ae30f078c75a6849cea93de0c4748c3178d3035248579eadf0605f3a27e8710a0028b52ffd005849070088a474797065b0757365725f6365727469666963617465a6617574686f72d802de10a11cec0010000000000000000000a974696d657374616d70d701000621b0f6e36d2ea7757365725f6964d8029bab8dd690004513a12bff7a95e1fc95ac68756d616e5f68616e646c6592b16d6172747940696e76616c69642e636f6dac4d61727479204d6320466c79aa7075626c69635f6b6579c420438d4fbc0d5723a32fae98faf9e29d1bbbcc7f47b2f7fd395aea7ec6d7142a0ca9616c676f726974686db85832353531395f5853414c534132305f504f4c5931333035a770726f66696c65a541444d494e', 6006, '2024-09-09 16:56:40.324398+02', NULL, NULL, NULL, 3008, '\xc440d3bcd6128f9acac0f4555036bc8e13f2d997caae80031e236fc35f5164e07fd07e695daf3bf6d0d93fb67643f63eefd9b8e1756f45adccf3a71a4543c4050028b52ffd005851060088a474797065b0757365725f6365727469666963617465a6617574686f72d802de10a11cec0010000000000000000000a974696d657374616d70d701000621b0f6e36d2ea7757365725f6964d8029bab8dd690004513a12bff7a95e1fc95ac68756d616e5f68616e646c65c0aa7075626c69635f6b6579c420438d4fbc0d5723a32fae98faf9e29d1bbbcc7f47b2f7fd395aea7ec6d7142a0ca9616c676f726974686db85832353531395f5853414c534132305f504f4c5931333035a770726f66696c65a541444d494e', 'ADMIN', NULL, false);
INSERT INTO public.user_ (_id, organization, user_id, user_certificate, user_certifier, created_on, revoked_on, revoked_user_certificate, revoked_user_certifier, human, redacted_user_certificate, initial_profile, shamir_recovery, frozen) VALUES (4007, 1002, '24488eb2-08ae-4294-a9a6-b15fe030e017', '\xb69d87309e1c9d09e048e77323f36f7d15e61c95ce6cd739fed4d3964e82f3673ab4a1d793af107b0e18fb243c6e4a2d7908fa56540ba6951cb13a51892edb000028b52ffd005819070088a474797065b0757365725f6365727469666963617465a6617574686f72d802de10a11cec0010000000000000000000a974696d657374616d70d701000621b0f6e36150a7757365725f6964d80224488eb208ae4294a9a6b15fe030e017ac68756d616e5f68616e646c6592b07a61636b40696e76616c69642e636f6da45a61636baa7075626c69635f6b6579c420246bff622914e121af1004155924634faa2fc98517c839a88d7c736796f3f724a9616c676f726974686db85832353531395f5853414c534132305f504f4c5931333035a770726f66696c65a85354414e44415244', 6006, '2024-09-09 16:56:40.32136+02', '2024-09-09 16:56:40.359219+02', '\x9a86669c88ba1a042b657655c4f5df241bf788ef5af77070e438cc19026527a1aafc21354a6278aac4ac57b5c3d3a1b5c5d7f11d8520f095592794bdeb0a8b0a0028b52ffd005831030084a474797065b87265766f6b65645f757365725f6365727469666963617465a6617574686f72d802de10a11cec0010000000000000000000a974696d657374616d70d701000621b0f6e3f533a7757365725f6964d80224488eb208ae4294a9a6b15fe030e017', 6006, 3007, '\xaa2da0599334c989d6c648dd99755eab78d240efc0a6d8358b48e92e842646621cde5a09dcda707bec440e7b453c220c73c6c2266f4c76fff6536e631ea743020028b52ffd005869060088a474797065b0757365725f6365727469666963617465a6617574686f72d802de10a11cec0010000000000000000000a974696d657374616d70d701000621b0f6e36150a7757365725f6964d80224488eb208ae4294a9a6b15fe030e017ac68756d616e5f68616e646c65c0aa7075626c69635f6b6579c420246bff622914e121af1004155924634faa2fc98517c839a88d7c736796f3f724a9616c676f726974686db85832353531395f5853414c534132305f504f4c5931333035a770726f66696c65a85354414e44415244', 'STANDARD', NULL, false);


--
-- Data for Name: device; Type: TABLE DATA; Schema: public; Owner: postgres
--

INSERT INTO public.device (_id, organization, user_, device_id, device_label, verify_key, device_certificate, device_certifier, created_on, redacted_device_certificate) VALUES (6006, 1002, 4004, 'de10a11c-ec00-1000-0000-000000000000', 'My alice@dev1 machine', '\x6cf33a5d230a2f47c11d962555a36bd43a6b6e9a77ec23a15d9dd8e6d167289c', '\x4066b5140b21b6e247f677a719b61d66175d5c8e285c1c7d83d79b391dcd6c69f1b571e5191ffa5b585336b64400e4d0ab15017be99bbe612f952fb9bf81d0080028b52ffd0058b50500740a88a474797065b26465766963655f6365727469666963617465a6617574686f72c0a974696d657374616d70d70100035d15590f4000a7757365725f6964d802a11cec001000a96964d802de10ac6c6162656cb54d7920616c6963654064657631206d616368696e65aa7665726966795f6b6579c4206cf33a5d230a2f47c11d962555a36bd43a6b6e9a77ec23a15d9dd8e6d167289ca9616c676f726974686da74544323535313904003f3311541613dc15303803', NULL, '2000-01-02 01:00:00+01', '\xeea24625573acafce707ddbc25cecf58205325434a1891387f78cf5b7aca35d31ab697c22e280ebb73eee5b194a39e0bbe41b1e87f6a8dd3563ae91fd63f5b060028b52ffd00580d0500240988a474797065b26465766963655f6365727469666963617465a6617574686f72c0a974696d657374616d70d70100035d15590f4000a7757365725f6964d802a11cec001000a96964d802de10ac6c6162656cc0aa7665726966795f6b6579c4206cf33a5d230a2f47c11d962555a36bd43a6b6e9a77ec23a15d9dd8e6d167289ca9616c676f726974686da74544323535313904003f3311541613dc15303803');
INSERT INTO public.device (_id, organization, user_, device_id, device_label, verify_key, device_certificate, device_certifier, created_on, redacted_device_certificate) VALUES (6007, 1002, 4005, 'de10808c-0010-0000-0000-000000000000', 'My bob@dev1 machine', '\x6cf33a5d230a2f47c11d962555a36bd43a6b6e9a77ec23a15d9dd8e6d167289c', '\x238b3ac8ea95be2a0c2ff4062d105127406b845b673f4c6b49dd97bbccd496346f0129524a321da7a4e719bcc134cb01691acb34e6e71dafcfce676e4f1e4c010028b52ffd0058f50500d40a88a474797065b26465766963655f6365727469666963617465a6617574686f72d802de10a11cec001000a974696d657374616d70d70100035d2976e6a000a7757365725f6964d802808c000000a96964d802de10ac6c6162656cb34d7920626f624064657631206d616368696e65aa7665726966795f6b6579c4206cf33a5d230a2f47c11d962555a36bd43a6b6e9a77ec23a15d9dd8e6d167289ca9616c676f726974686da74544323535313905003f331154962e3802a7e2d30bca', 6001, '2000-01-03 01:00:00+01', '\x40b536025bdf1619c5cf2d8f67b4ee4aee88951c57d3110c92536389e5f3aa9b10010d63558470724f363a3b91cec0ff0fe801bd48b7d4259ea1dc435f1439030028b52ffd00585d0500a40988a474797065b26465766963655f6365727469666963617465a6617574686f72d802de10a11cec001000a974696d657374616d70d70100035d2976e6a000a7757365725f6964d802808c000000a96964d802de10ac6c6162656cc0aa7665726966795f6b6579c4206cf33a5d230a2f47c11d962555a36bd43a6b6e9a77ec23a15d9dd8e6d167289ca9616c676f726974686da74544323535313905003f331154962e3802a7e2d30bca');
INSERT INTO public.device (_id, organization, user_, device_id, device_label, verify_key, device_certificate, device_certifier, created_on, redacted_device_certificate) VALUES (6008, 1002, 4004, 'de20a11c-ec00-1000-0000-000000000000', 'My alice@dev2 machine', '\x6cf33a5d230a2f47c11d962555a36bd43a6b6e9a77ec23a15d9dd8e6d167289c', '\xe444af40e6cd62940b02118b1a36435132148496a82dc2c2803c5f7439b88a07cc06970d756951e8a5a450bd54c9b00647bfcff3070024d7c83ece80164b8b0c0028b52ffd0058ed0500c40a88a474797065b26465766963655f6365727469666963617465a6617574686f72d802de10a11cec001000a974696d657374616d70d70100035d3d94be0000a7757365725f6964d8020000a96964d802de20ac6c6162656cb54d7920616c6963654064657632206d616368696e65aa7665726966795f6b6579c4206cf33a5d230a2f47c11d962555a36bd43a6b6e9a77ec23a15d9dd8e6d167289ca9616c676f726974686da74544323535313905003f331154962eb8c3a7a4d30bca', 6001, '2000-01-04 01:00:00+01', '\xae7abe801c06699eec8c56dcf0a85a5f756e260c717396e47db52bd2caa2bc14e86aa189461988ef53df13756c32905ad0e979404bb878c21504bb7131f295010028b52ffd0058450500740988a474797065b26465766963655f6365727469666963617465a6617574686f72d802de10a11cec001000a974696d657374616d70d70100035d3d94be0000a7757365725f6964d8020000a96964d802de20ac6c6162656cc0aa7665726966795f6b6579c4206cf33a5d230a2f47c11d962555a36bd43a6b6e9a77ec23a15d9dd8e6d167289ca9616c676f726974686da74544323535313905003f331154962eb8c3a7a4d30bca');
INSERT INTO public.device (_id, organization, user_, device_id, device_label, verify_key, device_certificate, device_certifier, created_on, redacted_device_certificate) VALUES (6009, 1002, 4005, 'de20808c-0010-0000-0000-000000000000', 'My bob@dev2 machine', '\x6cf33a5d230a2f47c11d962555a36bd43a6b6e9a77ec23a15d9dd8e6d167289c', '\xe0a00790d46851fd00c8cd2e66b5b3caafff15aacada408ce2f95310734fcfdf8ff325977f73c6065784d2ca4064542c97f2e78b7c1ac5a5a7b58b291bc2c60b0028b52ffd0058d50500940a88a474797065b26465766963655f6365727469666963617465a6617574686f72d802de10808c001000a974696d657374616d70d70100035d51b2956000a7757365725f6964d8020000a96964d802de20ac6c6162656cb34d7920626f624064657632206d616368696e65aa7665726966795f6b6579c4206cf33a5d230a2f47c11d962555a36bd43a6b6e9a77ec23a15d9dd8e6d167289ca9616c676f726974686da74544323535313905003f331154962eb8c3a7a48b06ca', 6002, '2000-01-05 01:00:00+01', '\xa24b6215c882f0aa917afe7c2c065be1ade8977a60e7f64046d1a484499197273b23266d7573147d3087c1218be8e61a21ca7c8021b6eed4e628f4964630670d0028b52ffd00583d0500640988a474797065b26465766963655f6365727469666963617465a6617574686f72d802de10808c001000a974696d657374616d70d70100035d51b2956000a7757365725f6964d8020000a96964d802de20ac6c6162656cc0aa7665726966795f6b6579c4206cf33a5d230a2f47c11d962555a36bd43a6b6e9a77ec23a15d9dd8e6d167289ca9616c676f726974686da74544323535313905003f331154962eb8c3a7a48b06ca');
INSERT INTO public.device (_id, organization, user_, device_id, device_label, verify_key, device_certificate, device_certifier, created_on, redacted_device_certificate) VALUES (6010, 1002, 4006, 'de103a11-031c-0010-0000-000000000000', 'My mallory@dev1 machine', '\x6cf33a5d230a2f47c11d962555a36bd43a6b6e9a77ec23a15d9dd8e6d167289c', '\x4ba1725483d271b66f1738451303490eb64634a64097431a89989f6014cd45a459c4583776811c65bd0f8d2612e604b867789bf1366de1fe059b378fe2934a0c0028b52ffd0058150600140b88a474797065b26465766963655f6365727469666963617465a6617574686f72d802de10a11cec001000a974696d657374616d70d70100035d65d06cc000a7757365725f6964d8023a11031c00a96964d802de10ac6c6162656cb74d79206d616c6c6f72794064657631206d616368696e65aa7665726966795f6b6579c4206cf33a5d230a2f47c11d962555a36bd43a6b6e9a77ec23a15d9dd8e6d167289ca9616c676f726974686da74544323535313905003f331154962e382ca8e2d30bca', 6001, '2000-01-06 01:00:00+01', '\x5a51470ee2ef051aac4310a5fc92efa5f609327bc996220486044e9deb48cf163a10b2899c0b48550297543ae950e90c34dabb10c0e334a2cadf6af3ca230e070028b52ffd00585d0500a40988a474797065b26465766963655f6365727469666963617465a6617574686f72d802de10a11cec001000a974696d657374616d70d70100035d65d06cc000a7757365725f6964d8023a11031c00a96964d802de10ac6c6162656cc0aa7665726966795f6b6579c4206cf33a5d230a2f47c11d962555a36bd43a6b6e9a77ec23a15d9dd8e6d167289ca9616c676f726974686da74544323535313905003f331154962e382ca8e2d30bca');
INSERT INTO public.device (_id, organization, user_, device_id, device_label, verify_key, device_certificate, device_certifier, created_on, redacted_device_certificate) VALUES (6001, 1001, 4001, 'de10a11c-ec00-1000-0000-000000000000', 'My alice@dev1 machine', '\x6cf33a5d230a2f47c11d962555a36bd43a6b6e9a77ec23a15d9dd8e6d167289c', '\x4066b5140b21b6e247f677a719b61d66175d5c8e285c1c7d83d79b391dcd6c69f1b571e5191ffa5b585336b64400e4d0ab15017be99bbe612f952fb9bf81d0080028b52ffd0058b50500740a88a474797065b26465766963655f6365727469666963617465a6617574686f72c0a974696d657374616d70d70100035d15590f4000a7757365725f6964d802a11cec001000a96964d802de10ac6c6162656cb54d7920616c6963654064657631206d616368696e65aa7665726966795f6b6579c4206cf33a5d230a2f47c11d962555a36bd43a6b6e9a77ec23a15d9dd8e6d167289ca9616c676f726974686da74544323535313904003f3311541613dc15303803', NULL, '2000-01-02 01:00:00+01', '\xeea24625573acafce707ddbc25cecf58205325434a1891387f78cf5b7aca35d31ab697c22e280ebb73eee5b194a39e0bbe41b1e87f6a8dd3563ae91fd63f5b060028b52ffd00580d0500240988a474797065b26465766963655f6365727469666963617465a6617574686f72c0a974696d657374616d70d70100035d15590f4000a7757365725f6964d802a11cec001000a96964d802de10ac6c6162656cc0aa7665726966795f6b6579c4206cf33a5d230a2f47c11d962555a36bd43a6b6e9a77ec23a15d9dd8e6d167289ca9616c676f726974686da74544323535313904003f3311541613dc15303803');
INSERT INTO public.device (_id, organization, user_, device_id, device_label, verify_key, device_certificate, device_certifier, created_on, redacted_device_certificate) VALUES (6002, 1001, 4002, 'de10808c-0010-0000-0000-000000000000', 'My bob@dev1 machine', '\x6cf33a5d230a2f47c11d962555a36bd43a6b6e9a77ec23a15d9dd8e6d167289c', '\x238b3ac8ea95be2a0c2ff4062d105127406b845b673f4c6b49dd97bbccd496346f0129524a321da7a4e719bcc134cb01691acb34e6e71dafcfce676e4f1e4c010028b52ffd0058f50500d40a88a474797065b26465766963655f6365727469666963617465a6617574686f72d802de10a11cec001000a974696d657374616d70d70100035d2976e6a000a7757365725f6964d802808c000000a96964d802de10ac6c6162656cb34d7920626f624064657631206d616368696e65aa7665726966795f6b6579c4206cf33a5d230a2f47c11d962555a36bd43a6b6e9a77ec23a15d9dd8e6d167289ca9616c676f726974686da74544323535313905003f331154962e3802a7e2d30bca', NULL, '2000-01-03 01:00:00+01', '\x40b536025bdf1619c5cf2d8f67b4ee4aee88951c57d3110c92536389e5f3aa9b10010d63558470724f363a3b91cec0ff0fe801bd48b7d4259ea1dc435f1439030028b52ffd00585d0500a40988a474797065b26465766963655f6365727469666963617465a6617574686f72d802de10a11cec001000a974696d657374616d70d70100035d2976e6a000a7757365725f6964d802808c000000a96964d802de10ac6c6162656cc0aa7665726966795f6b6579c4206cf33a5d230a2f47c11d962555a36bd43a6b6e9a77ec23a15d9dd8e6d167289ca9616c676f726974686da74544323535313905003f331154962e3802a7e2d30bca');
INSERT INTO public.device (_id, organization, user_, device_id, device_label, verify_key, device_certificate, device_certifier, created_on, redacted_device_certificate) VALUES (6003, 1001, 4001, 'de20a11c-ec00-1000-0000-000000000000', 'My alice@dev2 machine', '\x6cf33a5d230a2f47c11d962555a36bd43a6b6e9a77ec23a15d9dd8e6d167289c', '\xe444af40e6cd62940b02118b1a36435132148496a82dc2c2803c5f7439b88a07cc06970d756951e8a5a450bd54c9b00647bfcff3070024d7c83ece80164b8b0c0028b52ffd0058ed0500c40a88a474797065b26465766963655f6365727469666963617465a6617574686f72d802de10a11cec001000a974696d657374616d70d70100035d3d94be0000a7757365725f6964d8020000a96964d802de20ac6c6162656cb54d7920616c6963654064657632206d616368696e65aa7665726966795f6b6579c4206cf33a5d230a2f47c11d962555a36bd43a6b6e9a77ec23a15d9dd8e6d167289ca9616c676f726974686da74544323535313905003f331154962eb8c3a7a4d30bca', NULL, '2000-01-04 01:00:00+01', '\xae7abe801c06699eec8c56dcf0a85a5f756e260c717396e47db52bd2caa2bc14e86aa189461988ef53df13756c32905ad0e979404bb878c21504bb7131f295010028b52ffd0058450500740988a474797065b26465766963655f6365727469666963617465a6617574686f72d802de10a11cec001000a974696d657374616d70d70100035d3d94be0000a7757365725f6964d8020000a96964d802de20ac6c6162656cc0aa7665726966795f6b6579c4206cf33a5d230a2f47c11d962555a36bd43a6b6e9a77ec23a15d9dd8e6d167289ca9616c676f726974686da74544323535313905003f331154962eb8c3a7a4d30bca');
INSERT INTO public.device (_id, organization, user_, device_id, device_label, verify_key, device_certificate, device_certifier, created_on, redacted_device_certificate) VALUES (6004, 1001, 4002, 'de20808c-0010-0000-0000-000000000000', 'My bob@dev2 machine', '\x6cf33a5d230a2f47c11d962555a36bd43a6b6e9a77ec23a15d9dd8e6d167289c', '\xe0a00790d46851fd00c8cd2e66b5b3caafff15aacada408ce2f95310734fcfdf8ff325977f73c6065784d2ca4064542c97f2e78b7c1ac5a5a7b58b291bc2c60b0028b52ffd0058d50500940a88a474797065b26465766963655f6365727469666963617465a6617574686f72d802de10808c001000a974696d657374616d70d70100035d51b2956000a7757365725f6964d8020000a96964d802de20ac6c6162656cb34d7920626f624064657632206d616368696e65aa7665726966795f6b6579c4206cf33a5d230a2f47c11d962555a36bd43a6b6e9a77ec23a15d9dd8e6d167289ca9616c676f726974686da74544323535313905003f331154962eb8c3a7a48b06ca', NULL, '2000-01-05 01:00:00+01', '\xa24b6215c882f0aa917afe7c2c065be1ade8977a60e7f64046d1a484499197273b23266d7573147d3087c1218be8e61a21ca7c8021b6eed4e628f4964630670d0028b52ffd00583d0500640988a474797065b26465766963655f6365727469666963617465a6617574686f72d802de10808c001000a974696d657374616d70d70100035d51b2956000a7757365725f6964d8020000a96964d802de20ac6c6162656cc0aa7665726966795f6b6579c4206cf33a5d230a2f47c11d962555a36bd43a6b6e9a77ec23a15d9dd8e6d167289ca9616c676f726974686da74544323535313905003f331154962eb8c3a7a48b06ca');
INSERT INTO public.device (_id, organization, user_, device_id, device_label, verify_key, device_certificate, device_certifier, created_on, redacted_device_certificate) VALUES (6005, 1001, 4003, 'de103a11-031c-0010-0000-000000000000', 'My mallory@dev1 machine', '\x6cf33a5d230a2f47c11d962555a36bd43a6b6e9a77ec23a15d9dd8e6d167289c', '\x4ba1725483d271b66f1738451303490eb64634a64097431a89989f6014cd45a459c4583776811c65bd0f8d2612e604b867789bf1366de1fe059b378fe2934a0c0028b52ffd0058150600140b88a474797065b26465766963655f6365727469666963617465a6617574686f72d802de10a11cec001000a974696d657374616d70d70100035d65d06cc000a7757365725f6964d8023a11031c00a96964d802de10ac6c6162656cb74d79206d616c6c6f72794064657631206d616368696e65aa7665726966795f6b6579c4206cf33a5d230a2f47c11d962555a36bd43a6b6e9a77ec23a15d9dd8e6d167289ca9616c676f726974686da74544323535313905003f331154962e382ca8e2d30bca', NULL, '2000-01-06 01:00:00+01', '\x5a51470ee2ef051aac4310a5fc92efa5f609327bc996220486044e9deb48cf163a10b2899c0b48550297543ae950e90c34dabb10c0e334a2cadf6af3ca230e070028b52ffd00585d0500a40988a474797065b26465766963655f6365727469666963617465a6617574686f72d802de10a11cec001000a974696d657374616d70d70100035d65d06cc000a7757365725f6964d8023a11031c00a96964d802de10ac6c6162656cc0aa7665726966795f6b6579c4206cf33a5d230a2f47c11d962555a36bd43a6b6e9a77ec23a15d9dd8e6d167289ca9616c676f726974686da74544323535313905003f331154962e382ca8e2d30bca');
INSERT INTO public.device (_id, organization, user_, device_id, device_label, verify_key, device_certificate, device_certifier, created_on, redacted_device_certificate) VALUES (6011, 1002, 4007, '9a087557-662e-4a8c-bb73-08cd89e5d302', 'pc42', '\x4cc925d7212ad71166018c2c07985569f538eb4ba86b4c49b98efae5d7244cda', '\xeaf1f46d963821a900cec6a77ccb12edabe817cd5b4cee068bf05f228d93a791c81e733fec9c7f61138864d5b7fb852a9ab878db8d154e1c1df5a335db9dac0b0028b52ffd00581d0600740b88a474797065b26465766963655f6365727469666963617465a6617574686f72d802de10a11cec001000a974696d657374616d70d701000621b0f6e36150a7757365725f6964d80224488eb208ae4294a9a6b15fe030e017a96964d8029a087557662e4a8cbb7308cd89e5d302ac6c6162656ca470633432aa7665726966795f6b6579c4204cc925d7212ad71166018c2c07985569f538eb4ba86b4c49b98efae5d7244cdaa9616c676f726974686da74544323535313903007f327b87731101f4', 6006, '2024-09-09 16:56:40.32136+02', '\x24edbd8c0b26de3e2c0070e7e06905dfefe498f878a3e2513eed5083565203b08909ebc84a58e800c102733bf82234d38f38854ee05c8e31b2a586c1c4cad10e0028b52ffd0058fd0500340b88a474797065b26465766963655f6365727469666963617465a6617574686f72d802de10a11cec001000a974696d657374616d70d701000621b0f6e36150a7757365725f6964d80224488eb208ae4294a9a6b15fe030e017a96964d8029a087557662e4a8cbb7308cd89e5d302ac6c6162656cc0aa7665726966795f6b6579c4204cc925d7212ad71166018c2c07985569f538eb4ba86b4c49b98efae5d7244cdaa9616c676f726974686da74544323535313903007f327b87731101f4');
INSERT INTO public.device (_id, organization, user_, device_id, device_label, verify_key, device_certificate, device_certifier, created_on, redacted_device_certificate) VALUES (6012, 1002, 4008, '5ed173e6-6146-48fb-9b50-385afeb47092', 'Overboard', '\x33b725698d6a261e1d1d27edc0f60ffb0afac2c82c91a7279014313c40acdb3e', '\x4b1663c882c53eafb02c7a90ed6b292c9933ee8710835c7a28d3c618925875e5da401b3f85778fb7be09705126366785a9e67aed32e98b8feb68b23ad8f11c0c0028b52ffd0058450600c40b88a474797065b26465766963655f6365727469666963617465a6617574686f72d802de10a11cec001000a974696d657374616d70d701000621b0f6e36d2ea7757365725f6964d8029bab8dd690004513a12bff7a95e1fc95a96964d8025ed173e6614648fb9b50385afeb47092ac6c6162656ca94f766572626f617264aa7665726966795f6b6579c42033b725698d6a261e1d1d27edc0f60ffb0afac2c82c91a7279014313c40acdb3ea9616c676f726974686da74544323535313903007f327b87731101f4', 6006, '2024-09-09 16:56:40.324398+02', '\xc638d7d5d9d0b1e065298b4e10e8773613d5c45d569c71e262f12eb47975a4a0370539dadfd719760a6a060800282e2a8f097cbad69a24165664729fcd3a76040028b52ffd0058fd0500340b88a474797065b26465766963655f6365727469666963617465a6617574686f72d802de10a11cec001000a974696d657374616d70d701000621b0f6e36d2ea7757365725f6964d8029bab8dd690004513a12bff7a95e1fc95a96964d8025ed173e6614648fb9b50385afeb47092ac6c6162656cc0aa7665726966795f6b6579c42033b725698d6a261e1d1d27edc0f60ffb0afac2c82c91a7279014313c40acdb3ea9616c676f726974686da74544323535313903007f327b87731101f4');
INSERT INTO public.device (_id, organization, user_, device_id, device_label, verify_key, device_certificate, device_certifier, created_on, redacted_device_certificate) VALUES (6013, 1002, 4009, '7d9cb9cf-0a66-433b-8977-7260e9b4c85f', 'Delorean', '\x88cabf79fb70e2d6a6a7b0eb03adb23c43cc9bdf674745b3ae7a869ee3435dda', '\x76ee3a1d9cad7050b325dd71335c6b96d7bcc497ff4618141623000a44e5d13338ede622f01de1893bb3b198b0bcf0e0eedf1e4e09494786fe466510be969b000028b52ffd00583d0600b40b88a474797065b26465766963655f6365727469666963617465a6617574686f72d802de10a11cec001000a974696d657374616d70d701000621b0f6e377fca7757365725f6964d8024199c1e8b09e448699a37c6a55a6f322a96964d8027d9cb9cf0a66433b89777260e9b4c85fac6c6162656ca844656c6f7265616eaa7665726966795f6b6579c42088cabf79fb70e2d6a6a7b0eb03adb23c43cc9bdf674745b3ae7a869ee3435ddaa9616c676f726974686da74544323535313903007f327b87731101f4', 6006, '2024-09-09 16:56:40.327164+02', '\xf062a1269eb1a17cbcce88e40a70259adcb3a9f8017a6510ace5b12d34d51887716190897a6e6511bdf57d386086573bb0d0a879a93f8b04acd6b75957c92a020028b52ffd0058fd0500340b88a474797065b26465766963655f6365727469666963617465a6617574686f72d802de10a11cec001000a974696d657374616d70d701000621b0f6e377fca7757365725f6964d8024199c1e8b09e448699a37c6a55a6f322a96964d8027d9cb9cf0a66433b89777260e9b4c85fac6c6162656cc0aa7665726966795f6b6579c42088cabf79fb70e2d6a6a7b0eb03adb23c43cc9bdf674745b3ae7a869ee3435ddaa9616c676f726974686da74544323535313903007f327b87731101f4');


--
-- Data for Name: realm; Type: TABLE DATA; Schema: public; Owner: postgres
--

INSERT INTO public.realm (_id, organization, realm_id, key_index, created_on) VALUES (12001, 1001, 'f0000000-0000-0000-0000-000000000004', 1, '2000-01-09 01:00:00+01');
INSERT INTO public.realm (_id, organization, realm_id, key_index, created_on) VALUES (12002, 1001, 'f0000000-0000-0000-0000-000000000001', 0, '2000-01-14 01:00:00+01');
INSERT INTO public.realm (_id, organization, realm_id, key_index, created_on) VALUES (12003, 1001, 'f0000000-0000-0000-0000-000000000002', 0, '2000-01-16 01:00:00+01');
INSERT INTO public.realm (_id, organization, realm_id, key_index, created_on) VALUES (12005, 1002, 'f0000000-0000-0000-0000-000000000001', 0, '2000-01-14 01:00:00+01');
INSERT INTO public.realm (_id, organization, realm_id, key_index, created_on) VALUES (12006, 1002, 'f0000000-0000-0000-0000-000000000002', 0, '2000-01-16 01:00:00+01');
INSERT INTO public.realm (_id, organization, realm_id, key_index, created_on) VALUES (12004, 1002, 'f0000000-0000-0000-0000-000000000004', 2, '2000-01-09 01:00:00+01');


--
-- Data for Name: block; Type: TABLE DATA; Schema: public; Owner: postgres
--

INSERT INTO public.block (_id, organization, block_id, realm, author, size, created_on, deleted_on, key_index) VALUES (22001, 1002, '4a4a7de6-de4a-4682-92ce-dd4edffe66c8', 12004, 6006, 7, '2024-09-09 16:56:40.308339+02', NULL, 1);
INSERT INTO public.block (_id, organization, block_id, realm, author, size, created_on, deleted_on, key_index) VALUES (22002, 1002, '0e024ef6-1451-4d08-8224-33b71df8c77e', 12004, 6006, 7, '2024-09-09 16:56:40.318285+02', NULL, 1);


--
-- Data for Name: block_data; Type: TABLE DATA; Schema: public; Owner: postgres
--

INSERT INTO public.block_data (_id, organization_id, block_id, data) VALUES (23001, 'Org1', '4a4a7de6-de4a-4682-92ce-dd4edffe66c8', '\x626c6f636b2031');
INSERT INTO public.block_data (_id, organization_id, block_id, data) VALUES (23002, 'Org1', '0e024ef6-1451-4d08-8224-33b71df8c77e', '\x626c6f636b2032');


--
-- Data for Name: common_topic; Type: TABLE DATA; Schema: public; Owner: postgres
--

INSERT INTO public.common_topic (_id, organization, last_timestamp) VALUES (24001, 1001, '2000-01-06 01:00:00+01');
INSERT INTO public.common_topic (_id, organization, last_timestamp) VALUES (24002, 1002, '2024-09-09 16:56:40.359219+02');


--
-- Data for Name: shamir_recovery_setup; Type: TABLE DATA; Schema: public; Owner: postgres
--



--
-- Data for Name: invitation; Type: TABLE DATA; Schema: public; Owner: postgres
--

INSERT INTO public.invitation (_id, organization, token, type, created_by, claimer_email, created_on, deleted_on, deleted_reason, shamir_recovery) VALUES (9001, 1001, 'e0000000000000000000000000000001', 'USER', 6001, 'zack@example.invalid', '2000-01-07 01:00:00+01', NULL, NULL, NULL);
INSERT INTO public.invitation (_id, organization, token, type, created_by, claimer_email, created_on, deleted_on, deleted_reason, shamir_recovery) VALUES (9002, 1001, 'e0000000000000000000000000000002', 'DEVICE', 6001, NULL, '2000-01-08 01:00:00+01', NULL, NULL, NULL);
INSERT INTO public.invitation (_id, organization, token, type, created_by, claimer_email, created_on, deleted_on, deleted_reason, shamir_recovery) VALUES (9003, 1002, 'e0000000000000000000000000000001', 'USER', 6006, 'zack@example.invalid', '2000-01-07 01:00:00+01', NULL, NULL, NULL);
INSERT INTO public.invitation (_id, organization, token, type, created_by, claimer_email, created_on, deleted_on, deleted_reason, shamir_recovery) VALUES (9004, 1002, 'e0000000000000000000000000000002', 'DEVICE', 6006, NULL, '2000-01-08 01:00:00+01', NULL, NULL, NULL);


--
-- Data for Name: greeting_session; Type: TABLE DATA; Schema: public; Owner: postgres
--



--
-- Data for Name: greeting_attempt; Type: TABLE DATA; Schema: public; Owner: postgres
--



--
-- Data for Name: greeting_step; Type: TABLE DATA; Schema: public; Owner: postgres
--



--
-- Data for Name: pki_enrollment; Type: TABLE DATA; Schema: public; Owner: postgres
--



--
-- Data for Name: profile; Type: TABLE DATA; Schema: public; Owner: postgres
--

INSERT INTO public.profile (_id, user_, profile, profile_certificate, certified_by, certified_on) VALUES (5001, 4007, 'OUTSIDER', '\x5bf21287837f56a17f72063183904c86b5349e1b0cd9c97e1126723a2647fff0e08358988c253d8f25b4bce5f18eab88ceaf9a72552bf07eef6ebfea4f56bb020028b52ffd0058d1030085a474797065b7757365725f7570646174655f6365727469666963617465a6617574686f72d802de10a11cec0010000000000000000000a974696d657374616d70d701000621b0f6e382c1a7757365725f6964d80224488eb208ae4294a9a6b15fe030e017ab6e65775f70726f66696c65a84f55545349444552', 6006, '2024-09-09 16:56:40.329921+02');
INSERT INTO public.profile (_id, user_, profile, profile_certificate, certified_by, certified_on) VALUES (5002, 4007, 'ADMIN', '\x85bbfb1568cd1a53d939e2c850626181688d69da18704a927c585ddf4833924a1fa529f6247512ca5cce63451a8a9b248ab4c98cdb22a95ec996e325ab407e090028b52ffd0058b9030085a474797065b7757365725f7570646174655f6365727469666963617465a6617574686f72d802de10a11cec0010000000000000000000a974696d657374616d70d701000621b0f6e38cefa7757365725f6964d80224488eb208ae4294a9a6b15fe030e017ab6e65775f70726f66696c65a541444d494e', 6006, '2024-09-09 16:56:40.332527+02');
INSERT INTO public.profile (_id, user_, profile, profile_certificate, certified_by, certified_on) VALUES (5003, 4008, 'STANDARD', '\x33bfbd2816df0564eddaf3a5b4c452324a18758ac94a930d0f31030ab9761fbc4f2836bf91b26f624796cd950ca0e5f426972f6ee014c57c9e3ec4ba6010d2010028b52ffd0058d1030085a474797065b7757365725f7570646174655f6365727469666963617465a6617574686f72d802de10a11cec0010000000000000000000a974696d657374616d70d701000621b0f6e394c2a7757365725f6964d8029bab8dd690004513a12bff7a95e1fc95ab6e65775f70726f66696c65a85354414e44415244', 6006, '2024-09-09 16:56:40.33453+02');


--
-- Data for Name: realm_archiving; Type: TABLE DATA; Schema: public; Owner: postgres
--



--
-- Data for Name: realm_keys_bundle; Type: TABLE DATA; Schema: public; Owner: postgres
--

INSERT INTO public.realm_keys_bundle (_id, realm, key_index, realm_key_rotation_certificate, certified_by, certified_on, key_canary, keys_bundle) VALUES (16001, 12001, 1, '\xc0d7b46d59c19feaf3626b200f722c08afc060ded4fd1ce456ceca100bbba82143b92e02b389bdd5b517e86269174a5f4dca0ca81ea886ce80c7502e1779ca000028b52ffd0058d50600640c88a474797065be7265616c6d5f6b65795f726f746174696f6e5f6365727469666963617465a6617574686f72d802de10a11cec001000a974696d657374616d70d70100035db647ca4000a86964d802f004a96b65795f696e64657801b4656e63727970616c676f726974686db8424c414b45325f5853414c534132305f504f4c5931333035ae68617368a6534841323536aa6b65795f63616e617279c428dc19cb527a1201fe03e8ef8baa7a8bebb34c7448a2c88448d36ebae5920e44a90e822cec2eadae9506005fba6f1b5ae084655af4270c66048002', 6001, '2000-01-10 01:00:00+01', '\xdc19cb527a1201fe03e8ef8baa7a8bebb34c7448a2c88448d36ebae5920e44a90e822cec2eadae95', '\xa1875ba7538530da11edd14bd620e3d3653508bbcc7dc98a7e0a400ed3340cdc7a805dd37a3bdd369a274f1558cce999a17f437929d33c8c202c93452a323c7a715b82e63c6452e55502c5df30146505845727eb51c8a613af28350aa7f7f189851794aff9f4fa60d89ec51e2308aec47173003eaeec77789005da2d14ab818243649c3ff7df096364b18608cdd9ab7628d17a7b110a9cafc57a4ce0d4caef2a54811c10dce3d5fb8cfd63c91037632d2832741457c71320ab99ca5a59156a6bb82fa6c10234516f238c0338d64fb7d3');
INSERT INTO public.realm_keys_bundle (_id, realm, key_index, realm_key_rotation_certificate, certified_by, certified_on, key_canary, keys_bundle) VALUES (16002, 12004, 1, '\xc0d7b46d59c19feaf3626b200f722c08afc060ded4fd1ce456ceca100bbba82143b92e02b389bdd5b517e86269174a5f4dca0ca81ea886ce80c7502e1779ca000028b52ffd0058d50600640c88a474797065be7265616c6d5f6b65795f726f746174696f6e5f6365727469666963617465a6617574686f72d802de10a11cec001000a974696d657374616d70d70100035db647ca4000a86964d802f004a96b65795f696e64657801b4656e63727970616c676f726974686db8424c414b45325f5853414c534132305f504f4c5931333035ae68617368a6534841323536aa6b65795f63616e617279c428dc19cb527a1201fe03e8ef8baa7a8bebb34c7448a2c88448d36ebae5920e44a90e822cec2eadae9506005fba6f1b5ae084655af4270c66048002', 6006, '2000-01-10 01:00:00+01', '\xdc19cb527a1201fe03e8ef8baa7a8bebb34c7448a2c88448d36ebae5920e44a90e822cec2eadae95', '\xa1875ba7538530da11edd14bd620e3d3653508bbcc7dc98a7e0a400ed3340cdc7a805dd37a3bdd369a274f1558cce999a17f437929d33c8c202c93452a323c7a715b82e63c6452e55502c5df30146505845727eb51c8a613af28350aa7f7f189851794aff9f4fa60d89ec51e2308aec47173003eaeec77789005da2d14ab818243649c3ff7df096364b18608cdd9ab7628d17a7b110a9cafc57a4ce0d4caef2a54811c10dce3d5fb8cfd63c91037632d2832741457c71320ab99ca5a59156a6bb82fa6c10234516f238c0338d64fb7d3');
INSERT INTO public.realm_keys_bundle (_id, realm, key_index, realm_key_rotation_certificate, certified_by, certified_on, key_canary, keys_bundle) VALUES (16003, 12004, 2, '\x7532a2ada0eca2437ad0a19f7fefc017baaf46b32e623337bd78e952bbbe309744d308ec7e0bae7e33d0b59b8b403bdeeaaeb56848f08e301522eb5770ab50070028b52ffd0058050600c40a88a474797065be7265616c6d5f6b65795f726f746174696f6e5f6365727469666963617465a6617574686f72d802de10a11cec001000a974696d657374616d70d701000621b0f6e3a58ea86964d802f004a96b65795f696e64657802b4656e63727970616c676f726974686db8424c414b45325f5853414c534132305f504f4c5931333035ae68617368a6534841323536aa6b65795f63616e617279c40e3c64756d6d792063616e6172793e06005fba6f1b5ae084655af4270c66048002', 6006, '2024-09-09 16:56:40.33883+02', '\x3c64756d6d792063616e6172793e', '\x3c64756d6d79206b6579732062756e646c653e');


--
-- Data for Name: realm_keys_bundle_access; Type: TABLE DATA; Schema: public; Owner: postgres
--

INSERT INTO public.realm_keys_bundle_access (_id, realm, user_, realm_keys_bundle, access) VALUES (17001, 12001, 4001, 16001, '\x027c207493f688cc8bb947a412f5dbdc1cbc0c78ab0238a0102ffe2fa82b4851f1ccb3420dc252ce18f51bf333739c773198ed306dbb2e853034765b20d6c0b7d9c47d071edd21ef4995c8870634954d9a081b9380351018f7fce783b011fc29d35d617ea3b11788197684');
INSERT INTO public.realm_keys_bundle_access (_id, realm, user_, realm_keys_bundle, access) VALUES (17002, 12001, 4002, 16001, '\xf8be3a3c809a2aca2512c76dab379628cb15d92ea11ad03df182dc32d3ccd6155aa631ce238f9aefd0d3393d6dc24cb9e0a4fe3b6ca214878b0204cb3094d798be8a5d6c583abf940a3f551dea96f62ae436a552c7b0b51394264b71b605039d3737c8f50f8dbbb921c785');
INSERT INTO public.realm_keys_bundle_access (_id, realm, user_, realm_keys_bundle, access) VALUES (17003, 12004, 4004, 16002, '\x027c207493f688cc8bb947a412f5dbdc1cbc0c78ab0238a0102ffe2fa82b4851f1ccb3420dc252ce18f51bf333739c773198ed306dbb2e853034765b20d6c0b7d9c47d071edd21ef4995c8870634954d9a081b9380351018f7fce783b011fc29d35d617ea3b11788197684');
INSERT INTO public.realm_keys_bundle_access (_id, realm, user_, realm_keys_bundle, access) VALUES (17004, 12004, 4005, 16002, '\xf8be3a3c809a2aca2512c76dab379628cb15d92ea11ad03df182dc32d3ccd6155aa631ce238f9aefd0d3393d6dc24cb9e0a4fe3b6ca214878b0204cb3094d798be8a5d6c583abf940a3f551dea96f62ae436a552c7b0b51394264b71b605039d3737c8f50f8dbbb921c785');
INSERT INTO public.realm_keys_bundle_access (_id, realm, user_, realm_keys_bundle, access) VALUES (17005, 12004, 4004, 16003, '\x3c616c6963652064756d6d79206b6579732062756e646c65206163636573733e');
INSERT INTO public.realm_keys_bundle_access (_id, realm, user_, realm_keys_bundle, access) VALUES (17006, 12004, 4005, 16003, '\x3c626f622064756d6d79206b6579732062756e646c65206163636573733e');
INSERT INTO public.realm_keys_bundle_access (_id, realm, user_, realm_keys_bundle, access) VALUES (17007, 12004, 4008, 16003, '\x3c6d61727479206b6579732062756e646c65206163636573733e');
INSERT INTO public.realm_keys_bundle_access (_id, realm, user_, realm_keys_bundle, access) VALUES (17009, 12004, 4007, 16003, '\x3c6d61727479206b6579732062756e646c65206163636573733e');
INSERT INTO public.realm_keys_bundle_access (_id, realm, user_, realm_keys_bundle, access) VALUES (17010, 12004, 4009, 16003, '\x3c646f63206b6579732062756e646c65206163636573733e');


--
-- Data for Name: realm_name; Type: TABLE DATA; Schema: public; Owner: postgres
--

INSERT INTO public.realm_name (_id, realm, realm_name_certificate, certified_by, certified_on) VALUES (19001, 12001, '\x60ab7c05a181ba043843ffb5627e9485245ab9e9c60f529ede1b5dcc50dbc855c1704150fa65eb9629ec1961e45d218915554fa65a8a78884dd5beb187766d000028b52ffd0058f50400d40886a474797065b67265616c6d5f6e616d655f6365727469666963617465a6617574686f72d802de10a11cec001000a974696d657374616d70d70100035dca65a1a000a86964d802f004a96b65795f696e64657801ae656e63727970746564c42df821927b5dabe508e099bedc83cbf215e4905e253761eb2178f1fc5d191a5c6c64e82c20c27be4e8bf69146f560500e2208dbb8069d18f3098095006', 6001, '2000-01-11 01:00:00+01');
INSERT INTO public.realm_name (_id, realm, realm_name_certificate, certified_by, certified_on) VALUES (19002, 12004, '\x60ab7c05a181ba043843ffb5627e9485245ab9e9c60f529ede1b5dcc50dbc855c1704150fa65eb9629ec1961e45d218915554fa65a8a78884dd5beb187766d000028b52ffd0058f50400d40886a474797065b67265616c6d5f6e616d655f6365727469666963617465a6617574686f72d802de10a11cec001000a974696d657374616d70d70100035dca65a1a000a86964d802f004a96b65795f696e64657801ae656e63727970746564c42df821927b5dabe508e099bedc83cbf215e4905e253761eb2178f1fc5d191a5c6c64e82c20c27be4e8bf69146f560500e2208dbb8069d18f3098095006', 6006, '2000-01-11 01:00:00+01');


--
-- Data for Name: sequester_service; Type: TABLE DATA; Schema: public; Owner: postgres
--



--
-- Data for Name: realm_sequester_keys_bundle_access; Type: TABLE DATA; Schema: public; Owner: postgres
--



--
-- Data for Name: realm_topic; Type: TABLE DATA; Schema: public; Owner: postgres
--

INSERT INTO public.realm_topic (_id, organization, realm, last_timestamp) VALUES (27001, 1001, 12001, '2000-01-12 01:00:00+01');
INSERT INTO public.realm_topic (_id, organization, realm, last_timestamp) VALUES (27002, 1001, 12002, '2000-01-14 01:00:00+01');
INSERT INTO public.realm_topic (_id, organization, realm, last_timestamp) VALUES (27003, 1001, 12003, '2000-01-16 01:00:00+01');
INSERT INTO public.realm_topic (_id, organization, realm, last_timestamp) VALUES (27005, 1002, 12005, '2000-01-14 01:00:00+01');
INSERT INTO public.realm_topic (_id, organization, realm, last_timestamp) VALUES (27006, 1002, 12006, '2000-01-16 01:00:00+01');
INSERT INTO public.realm_topic (_id, organization, realm, last_timestamp) VALUES (27004, 1002, 12004, '2024-09-09 16:56:40.356314+02');


--
-- Data for Name: realm_user_change; Type: TABLE DATA; Schema: public; Owner: postgres
--



--
-- Data for Name: realm_user_role; Type: TABLE DATA; Schema: public; Owner: postgres
--

INSERT INTO public.realm_user_role (_id, realm, user_, role, certificate, certified_by, certified_on) VALUES (13001, 12001, 4001, 'OWNER', '\xa44828764cb911a7a4365bf6d64667cafa072e54f72a01e435e749751b4ff5a79b01f29f36c989134fea78d1d1beb4904b22724566384c69264c2ff5f81077050028b52ffd0058750300b40586a474797065b67265616c6d5f726f6c655f6365727469666963617465a6617574686f72d802de10a11cec001000a974696d657374616d70d70100035da229f2e000a86964d802f004a7757365720000a4726f6c65a54f574e455206004a90a0a714ee02a6453fc260264019', 6001, '2000-01-09 01:00:00+01');
INSERT INTO public.realm_user_role (_id, realm, user_, role, certificate, certified_by, certified_on) VALUES (13002, 12001, 4002, 'READER', '\xa6d19733b35ae76265cde74a2ed0a1b9337fab5443a3055c560cb0807bee650cce7af567e744df969132a80d0d851323dcfe74145080245258db0a2873ab86040028b52ffd0058950300f40586a474797065b67265616c6d5f726f6c655f6365727469666963617465a6617574686f72d802de10a11cec001000a974696d657374616d70d70100035dde83790000a86964d802f004a775736572808c000000a4726f6c65a652454144455206004930dcf30ad70053ad1f613013a00c', 6001, '2000-01-12 01:00:00+01');
INSERT INTO public.realm_user_role (_id, realm, user_, role, certificate, certified_by, certified_on) VALUES (13003, 12002, 4001, 'OWNER', '\x394f7edc11757316ebd535673464ebe7228e94ed63c43c99438a707dd253140a97895e1ab913af207d5dfa7c71dae8707c0bacecff6a51ebca4631dfa52efa070028b52ffd0058750300b40586a474797065b67265616c6d5f726f6c655f6365727469666963617465a6617574686f72d802de10a11cec001000a974696d657374616d70d70100035e06bf27c000a86964d802f001a7757365720000a4726f6c65a54f574e455206004a90a0a714ee02a6453fc260264019', 6001, '2000-01-14 01:00:00+01');
INSERT INTO public.realm_user_role (_id, realm, user_, role, certificate, certified_by, certified_on) VALUES (13004, 12003, 4002, 'OWNER', '\x5b8468a53424d1ce685a3f696f866e122c515d40769b2878e406cf07b784b65572a84c8c0ed2a19d78b58b7c72315d787e5c204cda8823a3cda0b1c6a19c08050028b52ffd00586d0300a40586a474797065b67265616c6d5f726f6c655f6365727469666963617465a6617574686f72d802de10808c001000a974696d657374616d70d70100035e2efad68000a86964d802f002a7757365720000a4726f6c65a54f574e455206004a90a0a728dc004b897e84c15a8032', 6002, '2000-01-16 01:00:00+01');
INSERT INTO public.realm_user_role (_id, realm, user_, role, certificate, certified_by, certified_on) VALUES (13005, 12004, 4004, 'OWNER', '\xa44828764cb911a7a4365bf6d64667cafa072e54f72a01e435e749751b4ff5a79b01f29f36c989134fea78d1d1beb4904b22724566384c69264c2ff5f81077050028b52ffd0058750300b40586a474797065b67265616c6d5f726f6c655f6365727469666963617465a6617574686f72d802de10a11cec001000a974696d657374616d70d70100035da229f2e000a86964d802f004a7757365720000a4726f6c65a54f574e455206004a90a0a714ee02a6453fc260264019', 6006, '2000-01-09 01:00:00+01');
INSERT INTO public.realm_user_role (_id, realm, user_, role, certificate, certified_by, certified_on) VALUES (13006, 12004, 4005, 'READER', '\xa6d19733b35ae76265cde74a2ed0a1b9337fab5443a3055c560cb0807bee650cce7af567e744df969132a80d0d851323dcfe74145080245258db0a2873ab86040028b52ffd0058950300f40586a474797065b67265616c6d5f726f6c655f6365727469666963617465a6617574686f72d802de10a11cec001000a974696d657374616d70d70100035dde83790000a86964d802f004a775736572808c000000a4726f6c65a652454144455206004930dcf30ad70053ad1f613013a00c', 6006, '2000-01-12 01:00:00+01');
INSERT INTO public.realm_user_role (_id, realm, user_, role, certificate, certified_by, certified_on) VALUES (13007, 12005, 4004, 'OWNER', '\x394f7edc11757316ebd535673464ebe7228e94ed63c43c99438a707dd253140a97895e1ab913af207d5dfa7c71dae8707c0bacecff6a51ebca4631dfa52efa070028b52ffd0058750300b40586a474797065b67265616c6d5f726f6c655f6365727469666963617465a6617574686f72d802de10a11cec001000a974696d657374616d70d70100035e06bf27c000a86964d802f001a7757365720000a4726f6c65a54f574e455206004a90a0a714ee02a6453fc260264019', 6006, '2000-01-14 01:00:00+01');
INSERT INTO public.realm_user_role (_id, realm, user_, role, certificate, certified_by, certified_on) VALUES (13008, 12006, 4005, 'OWNER', '\x5b8468a53424d1ce685a3f696f866e122c515d40769b2878e406cf07b784b65572a84c8c0ed2a19d78b58b7c72315d787e5c204cda8823a3cda0b1c6a19c08050028b52ffd00586d0300a40586a474797065b67265616c6d5f726f6c655f6365727469666963617465a6617574686f72d802de10808c001000a974696d657374616d70d70100035e2efad68000a86964d802f002a7757365720000a4726f6c65a54f574e455206004a90a0a728dc004b897e84c15a8032', 6007, '2000-01-16 01:00:00+01');
INSERT INTO public.realm_user_role (_id, realm, user_, role, certificate, certified_by, certified_on) VALUES (13009, 12004, 4008, 'READER', '\x6697f078be0725d5c17405604a7ea4cf2b9f44f83d896494efd902258905583745edbbf76a7c13b32b7741d6dd0e4cc87db398c510c36f9be09bd155ccf4bc040028b52ffd0058d50300a40686a474797065b67265616c6d5f726f6c655f6365727469666963617465a6617574686f72d802de10a11cec001000a974696d657374616d70d701000621b0f6e3c28aa86964d802f004a7757365729bab8dd690004513a12bff7a95e1fc95a4726f6c65a652454144455205003da57017302dfa11063301ca', 6006, '2024-09-09 16:56:40.34625+02');
INSERT INTO public.realm_user_role (_id, realm, user_, role, certificate, certified_by, certified_on) VALUES (13010, 12004, 4008, 'CONTRIBUTOR', '\x88cf3557e6d8542528d2f7ec00dc76375d06d131e3927bd96fbedccf3f265c0dbceba27cf098cb6245a6a5787df1efedc77c0ccbad8fa18ef34065c5f1acc6010028b52ffd0058fd0300f40686a474797065b67265616c6d5f726f6c655f6365727469666963617465a6617574686f72d802de10a11cec001000a974696d657374616d70d701000621b0f6e3cc7ca86964d802f004a7757365729bab8dd690004513a12bff7a95e1fc95a4726f6c65ab434f4e5452494255544f5205003da57017302dfa11063301ca', 6006, '2024-09-09 16:56:40.348796+02');
INSERT INTO public.realm_user_role (_id, realm, user_, role, certificate, certified_by, certified_on) VALUES (13011, 12004, 4007, 'MANAGER', '\x6e65f5d17d1a3bfc6c92cea2f4b14052567e9d5a833662b488f69fdeed736c0233c902218e92a18034e7d3f9a79b164f04c8ab8fd94f5d929af096332afa1d0d0028b52ffd0058dd0300b40686a474797065b67265616c6d5f726f6c655f6365727469666963617465a6617574686f72d802de10a11cec001000a974696d657374616d70d701000621b0f6e3d54ba86964d802f004a77573657224488eb208ae4294a9a6b15fe030e017a4726f6c65a74d414e4147455205003da57017302dfa11063301ca', 6006, '2024-09-09 16:56:40.351051+02');
INSERT INTO public.realm_user_role (_id, realm, user_, role, certificate, certified_by, certified_on) VALUES (13012, 12004, 4009, 'CONTRIBUTOR', '\x6d0a068e5dd26b5d0127f608846384ed6e321c05133889e7cdc916c85b90cc1ced66956aff9642ee3484a64b4db5b61713e534538137c3d5c315415c9007d0090028b52ffd0058fd0300f40686a474797065b67265616c6d5f726f6c655f6365727469666963617465a6617574686f72d802de10a11cec001000a974696d657374616d70d701000621b0f6e3dfbea86964d802f004a7757365724199c1e8b09e448699a37c6a55a6f322a4726f6c65ab434f4e5452494255544f5205003da57017302dfa11063301ca', 6006, '2024-09-09 16:56:40.353726+02');
INSERT INTO public.realm_user_role (_id, realm, user_, role, certificate, certified_by, certified_on) VALUES (13013, 12004, 4009, NULL, '\xbb191e18f9229449ddff98f1e5c0bc8af6097f23a16500bb8c25dc0367587441e5b7c396893322e0064bb0304c81668a50a66055b551824faaabc051249565060028b52ffd0058a50300440686a474797065b67265616c6d5f726f6c655f6365727469666963617465a6617574686f72d802de10a11cec001000a974696d657374616d70d701000621b0f6e3e9daa86964d802f004a7757365724199c1e8b09e448699a37c6a55a6f322a4726f6c65c005003da57017302dfa11063301ca', 6006, '2024-09-09 16:56:40.356314+02');


--
-- Data for Name: vlob_atom; Type: TABLE DATA; Schema: public; Owner: postgres
--

INSERT INTO public.vlob_atom (_id, realm, key_index, vlob_id, version, blob, size, author, created_on, deleted_on) VALUES (20001, 12001, 1, 'f0000000-0000-0000-0000-000000000004', 1, '\x7012b2e53515ccb101491c2c975126dbe2ae96ad0c2dfef0a359ba7b379ac4fc3a7f3cac1daab64c6c4ac83051d6d32b3c2afc1ea53a50afc8bb55fd9ce06bedab8acce6b5a296dd326c322cbb4c1e72bba8dba6e059e663522f47f6569380cb0f92ef72af07550ad8e213b219f0475695a3bf61e553be97f6499af7641e51d2442c87d9a27763bf377d191247013aee1eac36a430aec8449c16f99ecea7ad2ca3914a4cb4d4956f5b07a5db9ce0016cb0ad895878b67b698b2454b958e121cf6082c918e08ac8cdf3a4ea6c7fb743add706f95ef9b1b315b8d2f06c7eeb323f7699fc2b51f440117130eb77', 236, 6001, '2000-01-13 01:00:00+01', NULL);
INSERT INTO public.vlob_atom (_id, realm, key_index, vlob_id, version, blob, size, author, created_on, deleted_on) VALUES (20002, 12002, 0, 'f0000000-0000-0000-0000-000000000001', 1, '\xfaed0940a431d6d050988b42e8bd9a086fcb76d86ee033577faf6969a19aac43d8e02dd05fbcf0844d76db5a1dbb08a694b63aa0a3489d76b8d8550e0ced555c8f219df22f2642d77b189a86e1951155bbeb7ea50989d9f7d4b214e2348ac79686519b801b66c0cef486e0374fca2499897bed4888f5c1417f0728c3bfde2c4510d85a2e25cdebb0524b899776c562b691a64084a0e7e81f6f6c4be40a78fe45763c5c3dd319b7b913732d861d0df56758ff05581384dd5052f58501437e717568ccd5dd203198de843c65cb61583f8a61db924a348c', 214, 6001, '2000-01-15 01:00:00+01', NULL);
INSERT INTO public.vlob_atom (_id, realm, key_index, vlob_id, version, blob, size, author, created_on, deleted_on) VALUES (20003, 12003, 0, 'f0000000-0000-0000-0000-000000000002', 1, '\x9366d9673814aaba43acf5bb724fd81b5d4ae6f44228cc92de6695d866e4a7cdd7e9ad2f52adacfb0941fabba78b02b32131fee350cd0854d0d5f473adcccce7dff1ed0b19b8923c3053db44277f0194341f55be35c8b223a08acbccc1892a408b3e3eaf885c343e3ad602125ae40f4a0571a79184e60a7e3ba7b1ddbab0b1e719ce25e0c121b105c45cb08486c3c6040e50b95a77943c43f2c6e3d990fd1e328cd8eeec89fa55d23cff87a35b19bfbf7a1b6543b4ac4d53a4e2295f143c0ed9730b5954f8116a9499abf374b9af138956b0d740a0', 213, 6002, '2000-01-17 01:00:00+01', NULL);
INSERT INTO public.vlob_atom (_id, realm, key_index, vlob_id, version, blob, size, author, created_on, deleted_on) VALUES (20004, 12004, 1, 'f0000000-0000-0000-0000-000000000004', 1, '\x7012b2e53515ccb101491c2c975126dbe2ae96ad0c2dfef0a359ba7b379ac4fc3a7f3cac1daab64c6c4ac83051d6d32b3c2afc1ea53a50afc8bb55fd9ce06bedab8acce6b5a296dd326c322cbb4c1e72bba8dba6e059e663522f47f6569380cb0f92ef72af07550ad8e213b219f0475695a3bf61e553be97f6499af7641e51d2442c87d9a27763bf377d191247013aee1eac36a430aec8449c16f99ecea7ad2ca3914a4cb4d4956f5b07a5db9ce0016cb0ad895878b67b698b2454b958e121cf6082c918e08ac8cdf3a4ea6c7fb743add706f95ef9b1b315b8d2f06c7eeb323f7699fc2b51f440117130eb77', 236, 6006, '2000-01-13 01:00:00+01', NULL);
INSERT INTO public.vlob_atom (_id, realm, key_index, vlob_id, version, blob, size, author, created_on, deleted_on) VALUES (20005, 12005, 0, 'f0000000-0000-0000-0000-000000000001', 1, '\xfaed0940a431d6d050988b42e8bd9a086fcb76d86ee033577faf6969a19aac43d8e02dd05fbcf0844d76db5a1dbb08a694b63aa0a3489d76b8d8550e0ced555c8f219df22f2642d77b189a86e1951155bbeb7ea50989d9f7d4b214e2348ac79686519b801b66c0cef486e0374fca2499897bed4888f5c1417f0728c3bfde2c4510d85a2e25cdebb0524b899776c562b691a64084a0e7e81f6f6c4be40a78fe45763c5c3dd319b7b913732d861d0df56758ff05581384dd5052f58501437e717568ccd5dd203198de843c65cb61583f8a61db924a348c', 214, 6006, '2000-01-15 01:00:00+01', NULL);
INSERT INTO public.vlob_atom (_id, realm, key_index, vlob_id, version, blob, size, author, created_on, deleted_on) VALUES (20006, 12006, 0, 'f0000000-0000-0000-0000-000000000002', 1, '\x9366d9673814aaba43acf5bb724fd81b5d4ae6f44228cc92de6695d866e4a7cdd7e9ad2f52adacfb0941fabba78b02b32131fee350cd0854d0d5f473adcccce7dff1ed0b19b8923c3053db44277f0194341f55be35c8b223a08acbccc1892a408b3e3eaf885c343e3ad602125ae40f4a0571a79184e60a7e3ba7b1ddbab0b1e719ce25e0c121b105c45cb08486c3c6040e50b95a77943c43f2c6e3d990fd1e328cd8eeec89fa55d23cff87a35b19bfbf7a1b6543b4ac4d53a4e2295f143c0ed9730b5954f8116a9499abf374b9af138956b0d740a0', 213, 6007, '2000-01-17 01:00:00+01', NULL);
INSERT INTO public.vlob_atom (_id, realm, key_index, vlob_id, version, blob, size, author, created_on, deleted_on) VALUES (20007, 12004, 1, 'ad1a1391-317a-4c32-b8a5-e4d2b87ec8fc', 1, '\x626c6f622031207631', 9, 6006, '2024-09-09 16:56:40.336588+02', NULL);
INSERT INTO public.vlob_atom (_id, realm, key_index, vlob_id, version, blob, size, author, created_on, deleted_on) VALUES (20008, 12004, 2, '4d33b446-b394-4270-b9a1-9372d9ed6b60', 1, '\x626c6f622032207631', 9, 6006, '2024-09-09 16:56:40.34189+02', NULL);
INSERT INTO public.vlob_atom (_id, realm, key_index, vlob_id, version, blob, size, author, created_on, deleted_on) VALUES (20009, 12004, 2, 'ad1a1391-317a-4c32-b8a5-e4d2b87ec8fc', 2, '\x626c6f622031207632', 9, 6006, '2024-09-09 16:56:40.343961+02', NULL);


--
-- Data for Name: realm_vlob_update; Type: TABLE DATA; Schema: public; Owner: postgres
--

INSERT INTO public.realm_vlob_update (_id, realm, index, vlob_atom) VALUES (21001, 12001, 1, 20001);
INSERT INTO public.realm_vlob_update (_id, realm, index, vlob_atom) VALUES (21002, 12002, 1, 20002);
INSERT INTO public.realm_vlob_update (_id, realm, index, vlob_atom) VALUES (21003, 12003, 1, 20003);
INSERT INTO public.realm_vlob_update (_id, realm, index, vlob_atom) VALUES (21004, 12004, 1, 20004);
INSERT INTO public.realm_vlob_update (_id, realm, index, vlob_atom) VALUES (21005, 12005, 1, 20005);
INSERT INTO public.realm_vlob_update (_id, realm, index, vlob_atom) VALUES (21006, 12006, 1, 20006);
INSERT INTO public.realm_vlob_update (_id, realm, index, vlob_atom) VALUES (21007, 12004, 2, 20007);
INSERT INTO public.realm_vlob_update (_id, realm, index, vlob_atom) VALUES (21008, 12004, 3, 20008);
INSERT INTO public.realm_vlob_update (_id, realm, index, vlob_atom) VALUES (21009, 12004, 4, 20009);


--
-- Data for Name: sequester_topic; Type: TABLE DATA; Schema: public; Owner: postgres
--



--
-- Data for Name: shamir_recovery_share; Type: TABLE DATA; Schema: public; Owner: postgres
--



--
-- Data for Name: shamir_recovery_topic; Type: TABLE DATA; Schema: public; Owner: postgres
--



--
-- Import done, re-enable triggers
--

SET session_replication_role = DEFAULT;
