-- Parsec Cloud (https://parsec.cloud) Copyright (c) BUSL-1.1 2016-present Scille SAS


-- cSpell:disable


--
-- Disable triggers to avoid chicken-egg problem when inserting devices & users
--

SET session_replication_role = replica;


-- This dump contains a new organization ""Migration0011Org" with 9 users.
--
-- By order of creation:
-- - U1 (_id = 1, admin) creates a realm (_id = 1) and doesn't share it
-- - U2 (_id = 2, standard) crates an realm (_id = 2) and share it
-- - U3 (_id = 3) is an outsider an creates a realm (_id = 3) ==> this realm will be removed
-- - U4 (_id = 4, standard) becomes outsider then creates a realm (_id = 4) ==> this realm will be removed
-- - U5 (_id = 5) starts outsider, then becomes standard and only then creates a realm (_id = 5)
-- - U6 (_id = 6) becomes outsider, then turn back admin and only then creates a realm (_id = 6)
-- - U7 (_id = 7) starts outsider, creates a realm (_id = 7), then becomes admin ==> this realm will be removed
-- - U8 (_id = 8) starts outsider, creates a realm (_id = 8), becomes admin and shares the realm ==> this realm will be removed
-- - U9 (_id = 9, standard) becomes outsider, creates a realm (_id = 9), becomes admin and shares the realm ==> this realm will be removed


--
-- Data for Name: organization; Type: TABLE DATA; Schema: public; Owner: postgres
--

INSERT INTO public.organization (_id, organization_id, bootstrap_token, root_verify_key, _expired_on, user_profile_outsider_allowed, active_users_limit, is_expired, _bootstrapped_on, _created_on, sequester_authority_certificate, sequester_authority_verify_key_der, minimum_archiving_period, tos_updated_on, tos_per_locale_urls) VALUES (1, 'Migration0011Org', '672bc6ba9c43455da28344e975dc72b7', '\xc118b50c90876d8feac2ffe02d59c26f447064289091c1993d3aec170fd6a9c2', NULL, true, NULL, false, '2000-01-02 01:00:00+01', '1970-01-01 01:00:00+01', NULL, NULL, 2592000, NULL, NULL);


--
-- Data for Name: human; Type: TABLE DATA; Schema: public; Owner: postgres
--

INSERT INTO public.human (_id, organization, email, label) VALUES (1, 1, 'a0000000000000000000000000000001@example.com', 'a0000000000000000000000000000001');
INSERT INTO public.human (_id, organization, email, label) VALUES (2, 1, 'a0000000000000000000000000000002@example.com', 'a0000000000000000000000000000002');
INSERT INTO public.human (_id, organization, email, label) VALUES (3, 1, 'a0000000000000000000000000000003@example.com', 'a0000000000000000000000000000003');
INSERT INTO public.human (_id, organization, email, label) VALUES (4, 1, 'a0000000000000000000000000000004@example.com', 'a0000000000000000000000000000004');
INSERT INTO public.human (_id, organization, email, label) VALUES (5, 1, 'a0000000000000000000000000000005@example.com', 'a0000000000000000000000000000005');
INSERT INTO public.human (_id, organization, email, label) VALUES (6, 1, 'a0000000000000000000000000000006@example.com', 'a0000000000000000000000000000006');
INSERT INTO public.human (_id, organization, email, label) VALUES (7, 1, 'a0000000000000000000000000000007@example.com', 'a0000000000000000000000000000007');
INSERT INTO public.human (_id, organization, email, label) VALUES (8, 1, 'a0000000000000000000000000000008@example.com', 'a0000000000000000000000000000008');
INSERT INTO public.human (_id, organization, email, label) VALUES (9, 1, 'a0000000000000000000000000000009@example.com', 'a0000000000000000000000000000009');


--
-- Data for Name: user_; Type: TABLE DATA; Schema: public; Owner: postgres
--

INSERT INTO public.user_ (_id, organization, user_id, user_certificate, user_certifier, created_on, revoked_on, revoked_user_certificate, revoked_user_certifier, human, redacted_user_certificate, initial_profile, shamir_recovery, frozen, current_profile, tos_accepted_on) VALUES (1, 1, 'a0000000-0000-0000-0000-000000000001', '\xbcf1587608d562518afd0d0c965a15a4c68d7ad0994ca24f53daeed48efd07d45c7bc433369da9271a1e7a95d1c6765e9347350d6a6fcd5878f63ab79b11ef0d0028b52ffd00584d0600a40b88a474797065b0757365725f6365727469666963617465a6617574686f72c0a974696d657374616d70d70100035d15590f4000a76964d802a00001ac68756d616e5f68616e646c6592d92c613031406578616d706c652e636f6dd920aa7075626c69635f6b6579c4206dd981eb3d8e4111bc8af1ebb131ef016fcf7162e68dd0abf94b9f59ee95cc13a9616c676f726974686db85832353531395f5853414c534132305f504f4c5931333035a770726f66696c65a541444d494e040051e135b82dee20c14bed01', NULL, '2000-01-02 01:00:00+01', NULL, NULL, NULL, 1, '\x25b7179f99889baa76f26b24f7836d39b4415009e6be485b8091333da799c6b3b52974554e837a93ff3f4524b2537fb7e12d6d1e1d4dc4c9172476fcc68564080028b52ffd00588d0500740a88a474797065b0757365725f6365727469666963617465a6617574686f72c0a974696d657374616d70d70100035d15590f4000a76964d802a00001ac68756d616e5f68616e646c65c0aa7075626c69635f6b6579c4206dd981eb3d8e4111bc8af1ebb131ef016fcf7162e68dd0abf94b9f59ee95cc13a9616c676f726974686db85832353531395f5853414c534132305f504f4c5931333035a770726f66696c65a541444d494e0200b82b042f0505', 'ADMIN', NULL, false, 'ADMIN', NULL);
INSERT INTO public.user_ (_id, organization, user_id, user_certificate, user_certifier, created_on, revoked_on, revoked_user_certificate, revoked_user_certifier, human, redacted_user_certificate, initial_profile, shamir_recovery, frozen, current_profile, tos_accepted_on) VALUES (2, 1, 'a0000000-0000-0000-0000-000000000002', '\x64c1f6e5f55ce9eb574433a39db19f180d906776beda91b67b4d0db02019b3347f70fb193b50884f81163ad7a84a1ca3f6e261e83cef6b4cce13b24d0748f6060028b52ffd00589d0600240c88a474797065b0757365725f6365727469666963617465a6617574686f72d802b00001a974696d657374616d70d70100035d2976e6a000a76964d802a0000002ac68756d616e5f68616e646c6592d92c613032406578616d706c652e636f6dd920aa7075626c69635f6b6579c4209ef6cf01f7e67b0b3426ee2f23b025b7f3a3c990adb2ebef54d23dd71c1d1f6ba9616c676f726974686db85832353531395f5853414c534132305f504f4c5931333035a770726f66696c65a85354414e44415244050051e135eebe4ff909422b740032', 1, '2000-01-03 01:00:00+01', NULL, NULL, NULL, 2, '\x9badd45e6ba7fd7cb496f05218b801a8cbc52819c8a72d506389ccbf3f01cab71e73beb7758ff028810520a54cf419a48e7c73bbe20cd297b26ac2f489d668090028b52ffd0058dd0500f40a88a474797065b0757365725f6365727469666963617465a6617574686f72d802b00001a974696d657374616d70d70100035d2976e6a000a76964d802a0000002ac68756d616e5f68616e646c65c0aa7075626c69635f6b6579c4209ef6cf01f7e67b0b3426ee2f23b025b7f3a3c990adb2ebef54d23dd71c1d1f6ba9616c676f726974686db85832353531395f5853414c534132305f504f4c5931333035a770726f66696c65a85354414e4441524403004f590b42db748027', 'STANDARD', NULL, false, 'STANDARD', NULL);
INSERT INTO public.user_ (_id, organization, user_id, user_certificate, user_certifier, created_on, revoked_on, revoked_user_certificate, revoked_user_certifier, human, redacted_user_certificate, initial_profile, shamir_recovery, frozen, current_profile, tos_accepted_on) VALUES (3, 1, 'a0000000-0000-0000-0000-000000000003', '\xb26596eaa691a6e54b62372a0aa46702f90b7df42461448479384c68d5c660f6817b690e1d993d5136718a937f48173f31d7976e19dbbfd80aa586f2c45e5e000028b52ffd00589d0600240c88a474797065b0757365725f6365727469666963617465a6617574686f72d802b00001a974696d657374616d70d70100035d3d94be0000a76964d802a0000003ac68756d616e5f68616e646c6592d92c613033406578616d706c652e636f6dd920aa7075626c69635f6b6579c420014a51696abd2bc8365ba22273edabc95204152dd02822aa8181d4042c7e737ea9616c676f726974686db85832353531395f5853414c534132305f504f4c5931333035a770726f66696c65a84f55545349444552050051e135eebe4ff909422b740032', 1, '2000-01-04 01:00:00+01', NULL, NULL, NULL, 3, '\x66319617264063f47f5da882ce20e8528dd083aed4c3ed9371306ca00b94057b733453a865d4183628c32e2428f994bd9b478e1eeb83c0678ce5286cd109b70c0028b52ffd0058dd0500f40a88a474797065b0757365725f6365727469666963617465a6617574686f72d802b00001a974696d657374616d70d70100035d3d94be0000a76964d802a0000003ac68756d616e5f68616e646c65c0aa7075626c69635f6b6579c420014a51696abd2bc8365ba22273edabc95204152dd02822aa8181d4042c7e737ea9616c676f726974686db85832353531395f5853414c534132305f504f4c5931333035a770726f66696c65a84f5554534944455203004f590b42db748027', 'OUTSIDER', NULL, false, 'OUTSIDER', NULL);
INSERT INTO public.user_ (_id, organization, user_id, user_certificate, user_certifier, created_on, revoked_on, revoked_user_certificate, revoked_user_certifier, human, redacted_user_certificate, initial_profile, shamir_recovery, frozen, current_profile, tos_accepted_on) VALUES (5, 1, 'a0000000-0000-0000-0000-000000000005', '\x3ac190ac648f44043a076036636beb99d44d62dc3280c654b311d4d6f50369504e616e2cb1c587fbee9d70508ebec888a2292f45ae91e9ff2c241fb7e10e57010028b52ffd00589d0600240c88a474797065b0757365725f6365727469666963617465a6617574686f72d802b00001a974696d657374616d70d70100035d65d06cc000a76964d802a0000005ac68756d616e5f68616e646c6592d92c613035406578616d706c652e636f6dd920aa7075626c69635f6b6579c4207b54d2859e788a14b68285f97cc2e3ce919635d2f8359d7a025c2a1c76325f31a9616c676f726974686db85832353531395f5853414c534132305f504f4c5931333035a770726f66696c65a84f55545349444552050051e135eebe4ff909422b740032', 1, '2000-01-06 01:00:00+01', NULL, NULL, NULL, 5, '\x5842ab14b2a874b44a51f3cb01027fdd598acb6757fd27484794cd89f8cc93a16994f7f40075cb55118750da65fc020d3ed23acc92514e689cd8140af9a77c090028b52ffd0058dd0500f40a88a474797065b0757365725f6365727469666963617465a6617574686f72d802b00001a974696d657374616d70d70100035d65d06cc000a76964d802a0000005ac68756d616e5f68616e646c65c0aa7075626c69635f6b6579c4207b54d2859e788a14b68285f97cc2e3ce919635d2f8359d7a025c2a1c76325f31a9616c676f726974686db85832353531395f5853414c534132305f504f4c5931333035a770726f66696c65a84f5554534944455203004f590b42db748027', 'OUTSIDER', NULL, false, 'STANDARD', NULL);
INSERT INTO public.user_ (_id, organization, user_id, user_certificate, user_certifier, created_on, revoked_on, revoked_user_certificate, revoked_user_certifier, human, redacted_user_certificate, initial_profile, shamir_recovery, frozen, current_profile, tos_accepted_on) VALUES (6, 1, 'a0000000-0000-0000-0000-000000000006', '\x79fa54aba1d7227370f644d85576ad81a5d99a70ca72350abacff0f31e5d2f596f0e80508870d7d239bf4e29ea6cddae9777aa4ea8d7bae8e8aa1f62433c99030028b52ffd0058850600f40b88a474797065b0757365725f6365727469666963617465a6617574686f72d802b00001a974696d657374616d70d70100035d79ee442000a76964d802a0000006ac68756d616e5f68616e646c6592d92c613036406578616d706c652e636f6dd920aa7075626c69635f6b6579c4207efa499fb971a6459a4c4197ae27571031416f371fe9e1a22cac99f3fa6dc35fa9616c676f726974686db85832353531395f5853414c534132305f504f4c5931333035a770726f66696c65a541444d494e050051e135eebe4ff909422b740032', 1, '2000-01-07 01:00:00+01', NULL, NULL, NULL, 6, '\xb7979498fa6082b8974fd0ebcb21a73394d5fcfe267a9bf080e45fd1ddb355e7e58d4aa2b428b0caf05a434435a9ed9d93b0e09ad04a442ac2d30c8ad349180f0028b52ffd0058c50500c40a88a474797065b0757365725f6365727469666963617465a6617574686f72d802b00001a974696d657374616d70d70100035d79ee442000a76964d802a0000006ac68756d616e5f68616e646c65c0aa7075626c69635f6b6579c4207efa499fb971a6459a4c4197ae27571031416f371fe9e1a22cac99f3fa6dc35fa9616c676f726974686db85832353531395f5853414c534132305f504f4c5931333035a770726f66696c65a541444d494e03004f590b42db748027', 'ADMIN', NULL, false, 'ADMIN', NULL);
INSERT INTO public.user_ (_id, organization, user_id, user_certificate, user_certifier, created_on, revoked_on, revoked_user_certificate, revoked_user_certifier, human, redacted_user_certificate, initial_profile, shamir_recovery, frozen, current_profile, tos_accepted_on) VALUES (4, 1, 'a0000000-0000-0000-0000-000000000004', '\xb8c60aa2c40c8e0fcedb4230bd78449cbc9d7bbd265b4924fac0e7238c2cc4cd76e52a220b18266a5a78aefaf115c769771d9383c3f569e1557c2e6428bfd3080028b52ffd00589d0600240c88a474797065b0757365725f6365727469666963617465a6617574686f72d802b00001a974696d657374616d70d70100035d51b2956000a76964d802a0000004ac68756d616e5f68616e646c6592d92c613034406578616d706c652e636f6dd920aa7075626c69635f6b6579c4203beead73e26212d26927317aa0cddf3c51f45317ad69a0fb931f2661d942c900a9616c676f726974686db85832353531395f5853414c534132305f504f4c5931333035a770726f66696c65a85354414e44415244050051e135eebe4ff909422b740032', 1, '2000-01-05 01:00:00+01', NULL, NULL, NULL, 4, '\xe3bfea62b6ee7003963ba624a9383fd080cda09a1f841353061d21695a413aebfee9f76958fafac80b9a6e84959376a9c3d9eae25e40ed8807636b6ae236f7030028b52ffd0058dd0500f40a88a474797065b0757365725f6365727469666963617465a6617574686f72d802b00001a974696d657374616d70d70100035d51b2956000a76964d802a0000004ac68756d616e5f68616e646c65c0aa7075626c69635f6b6579c4203beead73e26212d26927317aa0cddf3c51f45317ad69a0fb931f2661d942c900a9616c676f726974686db85832353531395f5853414c534132305f504f4c5931333035a770726f66696c65a85354414e4441524403004f590b42db748027', 'STANDARD', NULL, false, 'OUTSIDER', NULL);
INSERT INTO public.user_ (_id, organization, user_id, user_certificate, user_certifier, created_on, revoked_on, revoked_user_certificate, revoked_user_certifier, human, redacted_user_certificate, initial_profile, shamir_recovery, frozen, current_profile, tos_accepted_on) VALUES (7, 1, 'a0000000-0000-0000-0000-000000000007', '\xf0dc78a8957687180bc03a68366cb37981af557668b052a21e4d1a789075eae974c954490bf2a7354c9eff8a00a58d91effe96078b5584e73de8f4620b5a63070028b52ffd00589d0600240c88a474797065b0757365725f6365727469666963617465a6617574686f72d802b00001a974696d657374616d70d70100035d8e0c1b8000a76964d802a0000007ac68756d616e5f68616e646c6592d92c613037406578616d706c652e636f6dd920aa7075626c69635f6b6579c420273a747e05dd80b5192db8cea3eb1bd42f56e1d8a982221250334e6292993603a9616c676f726974686db85832353531395f5853414c534132305f504f4c5931333035a770726f66696c65a84f55545349444552050051e135eebe4ff909422b740032', 1, '2000-01-08 01:00:00+01', NULL, NULL, NULL, 7, '\x30eefc0d7a4c754ba50792c296d0f14bf1e601fa5d62fa60b06c458d790811cdfce30e324e45c7761bc46adf9e10229d50e6b78635b95baf51f14d3a6f4831070028b52ffd0058dd0500f40a88a474797065b0757365725f6365727469666963617465a6617574686f72d802b00001a974696d657374616d70d70100035d8e0c1b8000a76964d802a0000007ac68756d616e5f68616e646c65c0aa7075626c69635f6b6579c420273a747e05dd80b5192db8cea3eb1bd42f56e1d8a982221250334e6292993603a9616c676f726974686db85832353531395f5853414c534132305f504f4c5931333035a770726f66696c65a84f5554534944455203004f590b42db748027', 'OUTSIDER', NULL, false, 'ADMIN', NULL);
INSERT INTO public.user_ (_id, organization, user_id, user_certificate, user_certifier, created_on, revoked_on, revoked_user_certificate, revoked_user_certifier, human, redacted_user_certificate, initial_profile, shamir_recovery, frozen, current_profile, tos_accepted_on) VALUES (8, 1, 'a0000000-0000-0000-0000-000000000008', '\x9a4a0809e1cea011e63f026a93bd5425ff9886116cbe6441a4dd083a6d9da49993ac6f77b09ed0124c065de60096e258ca7955d88f4b4079e673305da30cf1010028b52ffd00589d0600240c88a474797065b0757365725f6365727469666963617465a6617574686f72d802b00001a974696d657374616d70d70100035da229f2e000a76964d802a0000008ac68756d616e5f68616e646c6592d92c613038406578616d706c652e636f6dd920aa7075626c69635f6b6579c420cdf92fac7849435a276e12e90fccdbbe5191b9d920f394b80c2284f58e363b4ba9616c676f726974686db85832353531395f5853414c534132305f504f4c5931333035a770726f66696c65a84f55545349444552050051e135eebe4ff909422b740032', 1, '2000-01-09 01:00:00+01', NULL, NULL, NULL, 8, '\x70c227729fab9144af93b276ec193f82b544ce6ac47d45d6e21c9ec641e254081ffc93b32fd4ed72a7c8ce836399cee675051494ef260e05ec32dc89e9a488090028b52ffd0058dd0500f40a88a474797065b0757365725f6365727469666963617465a6617574686f72d802b00001a974696d657374616d70d70100035da229f2e000a76964d802a0000008ac68756d616e5f68616e646c65c0aa7075626c69635f6b6579c420cdf92fac7849435a276e12e90fccdbbe5191b9d920f394b80c2284f58e363b4ba9616c676f726974686db85832353531395f5853414c534132305f504f4c5931333035a770726f66696c65a84f5554534944455203004f590b42db748027', 'OUTSIDER', NULL, false, 'ADMIN', NULL);
INSERT INTO public.user_ (_id, organization, user_id, user_certificate, user_certifier, created_on, revoked_on, revoked_user_certificate, revoked_user_certifier, human, redacted_user_certificate, initial_profile, shamir_recovery, frozen, current_profile, tos_accepted_on) VALUES (9, 1, 'a0000000-0000-0000-0000-000000000009', '\x283fc87ccdd4e174dc5b3e1442c034e330bd82707757449c447de11b4aa2daa3d6fa3ee0a25facb0c731986948e66dd532ce7d6601e996771d40787e2befcd040028b52ffd00589d0600240c88a474797065b0757365725f6365727469666963617465a6617574686f72d802b00001a974696d657374616d70d70100035db647ca4000a76964d802a0000009ac68756d616e5f68616e646c6592d92c613039406578616d706c652e636f6dd920aa7075626c69635f6b6579c420dfa289c98fbd99da3d0c5e5e866361fa3272cf4b523127c6b99e8d48ef8e2c48a9616c676f726974686db85832353531395f5853414c534132305f504f4c5931333035a770726f66696c65a85354414e44415244050051e135eebe4ff909422b740032', 1, '2000-01-10 01:00:00+01', NULL, NULL, NULL, 9, '\x76f299536a9308f8d8a3f6377dad561eefe2557cddb3775b0b33b6a4ea74a12dfdfa28005031acd0725fe894ec300d7049ff86db79dba3983e80dd2b662199050028b52ffd0058dd0500f40a88a474797065b0757365725f6365727469666963617465a6617574686f72d802b00001a974696d657374616d70d70100035db647ca4000a76964d802a0000009ac68756d616e5f68616e646c65c0aa7075626c69635f6b6579c420dfa289c98fbd99da3d0c5e5e866361fa3272cf4b523127c6b99e8d48ef8e2c48a9616c676f726974686db85832353531395f5853414c534132305f504f4c5931333035a770726f66696c65a85354414e4441524403004f590b42db748027', 'STANDARD', NULL, false, 'ADMIN', NULL);


--
-- Data for Name: device; Type: TABLE DATA; Schema: public; Owner: postgres
--

INSERT INTO public.device (_id, organization, user_, device_id, device_label, verify_key, device_certificate, device_certifier, created_on, redacted_device_certificate) VALUES (1, 1, 1, 'b0000000-0000-0000-0000-000000000001', 'b0000000000000000000000000000001', '\x606dc6372f1004ab92db9e07eb392599fedca0b30f628e5efc4422f2d2d46eba', '\x2d5d50bdbbbfae695746251ceed80cfa2887d0c397686f36ac95013d598cf10849cd599c858bb6bec2d65eb2a919eed79922c9bfe7778f1292c937adec7685010028b52ffd0058bd0500640a89a474797065b26465766963655f6365727469666963617465a7707572706f7365a85354414e44415244a6617574686f72c0a974696d657374616d70d70100035d15590f4000a7757365725f6964d802a00001a96964d802b0000001ac6c6162656cd920623031aa7665726966795f6b6579c420606dc6372f1004ab92db9e07eb392599fedca0b30f628e5efc4422f2d2d46ebaa9616c676f726974686da7454432353531390500b87b7ebaa487eb0e67281de00c', NULL, '2000-01-02 01:00:00+01', '\x63810794f4a96d3f91e419364bef27c8fd16920c395a9581b37220bbb05a5c1fdc081ca6a54a8857c2480e118abd4259ad6f2d842b6b2ebd1cbeb744853058070028b52ffd00588d0500240a89a474797065b26465766963655f6365727469666963617465a7707572706f7365a85354414e44415244a6617574686f72c0a974696d657374616d70d70100035d15590f4000a7757365725f6964d802a00001a96964d802b0000001ac6c6162656cc0aa7665726966795f6b6579c420606dc6372f1004ab92db9e07eb392599fedca0b30f628e5efc4422f2d2d46ebaa9616c676f726974686da74544323535313904003f33d2c3758733940e7006');
INSERT INTO public.device (_id, organization, user_, device_id, device_label, verify_key, device_certificate, device_certifier, created_on, redacted_device_certificate) VALUES (2, 1, 2, 'b0000000-0000-0000-0000-000000000002', 'b0000000000000000000000000000002', '\xc60c0ced391bd3d436f41a6e6712d4412ec545857c69e3b196668d7f3fc46c0e', '\xe6088ae19690ccbe3029f5c329adc0898f7f1fa723baf3a59db2a24366fb2f83f94131baab14d3d85c70f53b2d87b53b63fc50f7a4bc577fea9ec3b0ba41670c0028b52ffd0058c50500540a89a474797065b26465766963655f6365727469666963617465a7707572706f7365a85354414e44415244a6617574686f72d802b00001a974696d657374616d70d70100035d2976e6a000a7757365725f6964d802a00002a9696402ac6c6162656cd920623032aa7665726966795f6b6579c420c60c0ced391bd3d436f41a6e6712d4412ec545857c69e3b196668d7f3fc46c0ea9616c676f726974686da7454432353531390600b87b7e5cdce0c42e7671c0f1ea0050', 1, '2000-01-03 01:00:00+01', '\xd25749162b00fa8714ffed9dda8522af9513ee2b92892906045ae1f497e9a54e1d3da190447c7335ed40b4211813db9ca1530290d26738489092fffab6513e0d0028b52ffd0058950500140a89a474797065b26465766963655f6365727469666963617465a7707572706f7365a85354414e44415244a6617574686f72d802b00001a974696d657374616d70d70100035d2976e6a000a7757365725f6964d802a00002a9696402ac6c6162656cc0aa7665726966795f6b6579c420c60c0ced391bd3d436f41a6e6712d4412ec545857c69e3b196668d7f3fc46c0ea9616c676f726974686da74544323535313905003f196e706217bb38e078750028');
INSERT INTO public.device (_id, organization, user_, device_id, device_label, verify_key, device_certificate, device_certifier, created_on, redacted_device_certificate) VALUES (3, 1, 3, 'b0000000-0000-0000-0000-000000000003', 'b0000000000000000000000000000003', '\x77c0392fd08cffb07821329bbafc7fe05eadee07064ad18b3ef542be351cd8f8', '\x91c71c1aad6e5a33c2b343434702d716a09aa5ec4edab1ebe6b2d93a997e11f4164c866941de98c55cb84ee80fedfb7d0a6ab2cd102a035f6e6befe6c0cded070028b52ffd0058c50500540a89a474797065b26465766963655f6365727469666963617465a7707572706f7365a85354414e44415244a6617574686f72d802b00001a974696d657374616d70d70100035d3d94be0000a7757365725f6964d802a00003a9696403ac6c6162656cd920623033aa7665726966795f6b6579c42077c0392fd08cffb07821329bbafc7fe05eadee07064ad18b3ef542be351cd8f8a9616c676f726974686da7454432353531390600b87b7e5cdce0c42e7671c0f1ea0050', 1, '2000-01-04 01:00:00+01', '\xc34f1c2a54d2eadcac13ca869db2c4d0de221149bece2eb7f69dbd6677037b472198d0e8dbe6ff4dd49657252d1ec8058c271ba5d2c99a2eac5bd72906f8e4040028b52ffd0058950500140a89a474797065b26465766963655f6365727469666963617465a7707572706f7365a85354414e44415244a6617574686f72d802b00001a974696d657374616d70d70100035d3d94be0000a7757365725f6964d802a00003a9696403ac6c6162656cc0aa7665726966795f6b6579c42077c0392fd08cffb07821329bbafc7fe05eadee07064ad18b3ef542be351cd8f8a9616c676f726974686da74544323535313905003f196e706217bb38e078750028');
INSERT INTO public.device (_id, organization, user_, device_id, device_label, verify_key, device_certificate, device_certifier, created_on, redacted_device_certificate) VALUES (4, 1, 4, 'b0000000-0000-0000-0000-000000000004', 'b0000000000000000000000000000004', '\x88d0f9868d0f5a4c1b8687f88f35d66ac3a2279a65af30b27c345e571bbbf456', '\xf121c636dfa93559640acc805e04da2f820ee51a038bb6c6c314590fd25629761feaff8cf35892fb9d97e273111ad29b06138a75697396d47e398a9530a7f1070028b52ffd0058c50500540a89a474797065b26465766963655f6365727469666963617465a7707572706f7365a85354414e44415244a6617574686f72d802b00001a974696d657374616d70d70100035d51b2956000a7757365725f6964d802a00004a9696404ac6c6162656cd920623034aa7665726966795f6b6579c42088d0f9868d0f5a4c1b8687f88f35d66ac3a2279a65af30b27c345e571bbbf456a9616c676f726974686da7454432353531390600b87b7e5cdce0c42e7671c0f1ea0050', 1, '2000-01-05 01:00:00+01', '\x5432575b80e27c6a2e9d0ef4f6a88cd25a96459a25c781706fe81cc243f9bc7b7d126969a4770a5de884822083ec76f35306c783827099533123878b4412670f0028b52ffd0058950500140a89a474797065b26465766963655f6365727469666963617465a7707572706f7365a85354414e44415244a6617574686f72d802b00001a974696d657374616d70d70100035d51b2956000a7757365725f6964d802a00004a9696404ac6c6162656cc0aa7665726966795f6b6579c42088d0f9868d0f5a4c1b8687f88f35d66ac3a2279a65af30b27c345e571bbbf456a9616c676f726974686da74544323535313905003f196e706217bb38e078750028');
INSERT INTO public.device (_id, organization, user_, device_id, device_label, verify_key, device_certificate, device_certifier, created_on, redacted_device_certificate) VALUES (5, 1, 5, 'b0000000-0000-0000-0000-000000000005', 'b0000000000000000000000000000005', '\x84d28ef5ec260eab81d6b81e8d1696ba3f64bcdd3b9ff56f7448040c05a74acc', '\xad66af7d4d3b6447a1c21c838061a4e302d1532b7f254d2a33fbfd566f1a8beedcdab1f3d603220ebbcc69e83eaa6035f5c38fe54db145048a555472729f7c000028b52ffd0058c50500540a89a474797065b26465766963655f6365727469666963617465a7707572706f7365a85354414e44415244a6617574686f72d802b00001a974696d657374616d70d70100035d65d06cc000a7757365725f6964d802a00005a9696405ac6c6162656cd920623035aa7665726966795f6b6579c42084d28ef5ec260eab81d6b81e8d1696ba3f64bcdd3b9ff56f7448040c05a74acca9616c676f726974686da7454432353531390600b87b7e5cdce0c42e7671c0f1ea0050', 1, '2000-01-06 01:00:00+01', '\x9e2329c31311a77ccc1a7019f1b44f0de32f2580405f84e6e019a9c7fcc8d2f14d2c2e31d9cf167c3a72e4fa8c7c8f37e94f30a9e4073db8e315bc366d53500e0028b52ffd0058950500140a89a474797065b26465766963655f6365727469666963617465a7707572706f7365a85354414e44415244a6617574686f72d802b00001a974696d657374616d70d70100035d65d06cc000a7757365725f6964d802a00005a9696405ac6c6162656cc0aa7665726966795f6b6579c42084d28ef5ec260eab81d6b81e8d1696ba3f64bcdd3b9ff56f7448040c05a74acca9616c676f726974686da74544323535313905003f196e706217bb38e078750028');
INSERT INTO public.device (_id, organization, user_, device_id, device_label, verify_key, device_certificate, device_certifier, created_on, redacted_device_certificate) VALUES (6, 1, 6, 'b0000000-0000-0000-0000-000000000006', 'b0000000000000000000000000000006', '\xda5d2c33c02e8f8d85ca0576c70ee48d7c2a1db5ebf2ec8e81df951244731094', '\xc0672ac3d08137938c97bfbf433271a13501e1d9d3c8e5ef2522107f584b01713277caba88d89e1e8a29c6e0f2f2a13a3430fe0a3d45e4e1ced762300de2a0040028b52ffd0058c50500540a89a474797065b26465766963655f6365727469666963617465a7707572706f7365a85354414e44415244a6617574686f72d802b00001a974696d657374616d70d70100035d79ee442000a7757365725f6964d802a00006a9696406ac6c6162656cd920623036aa7665726966795f6b6579c420da5d2c33c02e8f8d85ca0576c70ee48d7c2a1db5ebf2ec8e81df951244731094a9616c676f726974686da7454432353531390600b87b7e5cdce0c42e7671c0f1ea0050', 1, '2000-01-07 01:00:00+01', '\x4bc8ae93b13cf3316831f0ac29db2e02e538e4d3830f78898f113d398392cf96ee948b19ed7e9967d89da5229f174af35d7af2dad842e1fe2ff71f9898e030070028b52ffd0058950500140a89a474797065b26465766963655f6365727469666963617465a7707572706f7365a85354414e44415244a6617574686f72d802b00001a974696d657374616d70d70100035d79ee442000a7757365725f6964d802a00006a9696406ac6c6162656cc0aa7665726966795f6b6579c420da5d2c33c02e8f8d85ca0576c70ee48d7c2a1db5ebf2ec8e81df951244731094a9616c676f726974686da74544323535313905003f196e706217bb38e078750028');
INSERT INTO public.device (_id, organization, user_, device_id, device_label, verify_key, device_certificate, device_certifier, created_on, redacted_device_certificate) VALUES (7, 1, 7, 'b0000000-0000-0000-0000-000000000007', 'b0000000000000000000000000000007', '\x25662b36c1019bbe7b11dadd2ec9c7ce84a5733378a0802b028b6f305f06d083', '\xcdf4ece330715b81d75416a48f912b47514e99ea56f9df79d20def00442bd4b809b2f9f3aba5ebc80d390c01e5e55a2bccceea37c779ff4d1658df4ec34fd70c0028b52ffd0058c50500540a89a474797065b26465766963655f6365727469666963617465a7707572706f7365a85354414e44415244a6617574686f72d802b00001a974696d657374616d70d70100035d8e0c1b8000a7757365725f6964d802a00007a9696407ac6c6162656cd920623037aa7665726966795f6b6579c42025662b36c1019bbe7b11dadd2ec9c7ce84a5733378a0802b028b6f305f06d083a9616c676f726974686da7454432353531390600b87b7e5cdce0c42e7671c0f1ea0050', 1, '2000-01-08 01:00:00+01', '\x326954041df9a59adef0557c52c6fbfc61948f003933b687be117a192275f093da256036006b8ea1113639738472fb626d952a530921e19cdb8d7e1f8be0b2030028b52ffd0058950500140a89a474797065b26465766963655f6365727469666963617465a7707572706f7365a85354414e44415244a6617574686f72d802b00001a974696d657374616d70d70100035d8e0c1b8000a7757365725f6964d802a00007a9696407ac6c6162656cc0aa7665726966795f6b6579c42025662b36c1019bbe7b11dadd2ec9c7ce84a5733378a0802b028b6f305f06d083a9616c676f726974686da74544323535313905003f196e706217bb38e078750028');
INSERT INTO public.device (_id, organization, user_, device_id, device_label, verify_key, device_certificate, device_certifier, created_on, redacted_device_certificate) VALUES (8, 1, 8, 'b0000000-0000-0000-0000-000000000008', 'b0000000000000000000000000000008', '\x8f7607d672e125b300f020212641705ad4807351c54e8e1fb48b7655d6d64d7a', '\x7e49e20b705907ed3b59100765997fae906c14343a40c4872ab3fe14b758c356a3d1476c9f7ab07ca244d3d6c86f3785ff561fc1b7466a90b1fd7ea7a3fcfe0b0028b52ffd0058c50500540a89a474797065b26465766963655f6365727469666963617465a7707572706f7365a85354414e44415244a6617574686f72d802b00001a974696d657374616d70d70100035da229f2e000a7757365725f6964d802a00008a9696408ac6c6162656cd920623038aa7665726966795f6b6579c4208f7607d672e125b300f020212641705ad4807351c54e8e1fb48b7655d6d64d7aa9616c676f726974686da7454432353531390600b87b7e5cdce0c42e7671c0f1ea0050', 1, '2000-01-09 01:00:00+01', '\xcb4ff09f902c1cfe64621c3714f8cf2de5e81817171237f6ff57a78f16ea5ea6d14b3ceb01dae53b36bdabd80898ed5d1cfb0d6b07789cb3c64f11ae8821680a0028b52ffd0058950500140a89a474797065b26465766963655f6365727469666963617465a7707572706f7365a85354414e44415244a6617574686f72d802b00001a974696d657374616d70d70100035da229f2e000a7757365725f6964d802a00008a9696408ac6c6162656cc0aa7665726966795f6b6579c4208f7607d672e125b300f020212641705ad4807351c54e8e1fb48b7655d6d64d7aa9616c676f726974686da74544323535313905003f196e706217bb38e078750028');
INSERT INTO public.device (_id, organization, user_, device_id, device_label, verify_key, device_certificate, device_certifier, created_on, redacted_device_certificate) VALUES (9, 1, 9, 'b0000000-0000-0000-0000-000000000009', 'b0000000000000000000000000000009', '\x6ec34ba9ab1561da26a2f9948476c6ca09f8e5f20f94458e2fce0a56d791182f', '\xc4d412bf730e71d0651c261834cdb547181e4d89c6ef7fa0951f71cd32215283a9685b78b49c76c1e9b78a70a730a013c30d25bf7265dad86632bf62d086190a0028b52ffd0058c50500540a89a474797065b26465766963655f6365727469666963617465a7707572706f7365a85354414e44415244a6617574686f72d802b00001a974696d657374616d70d70100035db647ca4000a7757365725f6964d802a00009a9696409ac6c6162656cd920623039aa7665726966795f6b6579c4206ec34ba9ab1561da26a2f9948476c6ca09f8e5f20f94458e2fce0a56d791182fa9616c676f726974686da7454432353531390600b87b7e5cdce0c42e7671c0f1ea0050', 1, '2000-01-10 01:00:00+01', '\xf78f63b10debff14352bf4d7fa7ef2bfce1bf80cc1120317e47514b930f70758ced35973ec1b002978e4722c8e3dee06c7e66b9477103244aef9008e47561b0e0028b52ffd0058950500140a89a474797065b26465766963655f6365727469666963617465a7707572706f7365a85354414e44415244a6617574686f72d802b00001a974696d657374616d70d70100035db647ca4000a7757365725f6964d802a00009a9696409ac6c6162656cc0aa7665726966795f6b6579c4206ec34ba9ab1561da26a2f9948476c6ca09f8e5f20f94458e2fce0a56d791182fa9616c676f726974686da74544323535313905003f196e706217bb38e078750028');


--
-- Data for Name: realm; Type: TABLE DATA; Schema: public; Owner: postgres
--

INSERT INTO public.realm (_id, organization, realm_id, key_index, created_on) VALUES (1, 1, 'f0000000-0000-0000-0000-00000000000a', 1, '2000-01-11 01:00:00+01');
INSERT INTO public.realm (_id, organization, realm_id, key_index, created_on) VALUES (2, 1, 'f0000000-0000-0000-0000-00000000000b', 2, '2000-01-12 01:00:00+01');
INSERT INTO public.realm (_id, organization, realm_id, key_index, created_on) VALUES (3, 1, 'f0000000-0000-0000-0000-00000000000c', 1, '2000-01-15 01:00:00+01');
INSERT INTO public.realm (_id, organization, realm_id, key_index, created_on) VALUES (4, 1, 'f0000000-0000-0000-0000-00000000000d', 1, '2000-01-17 01:00:00+01');
INSERT INTO public.realm (_id, organization, realm_id, key_index, created_on) VALUES (5, 1, 'f0000000-0000-0000-0000-00000000000e', 1, '2000-01-19 01:00:00+01');
INSERT INTO public.realm (_id, organization, realm_id, key_index, created_on) VALUES (6, 1, 'f0000000-0000-0000-0000-00000000000f', 1, '2000-01-22 01:00:00+01');
INSERT INTO public.realm (_id, organization, realm_id, key_index, created_on) VALUES (7, 1, 'f0000000-0000-0000-0000-000000000010', 1, '2000-01-23 01:00:00+01');
INSERT INTO public.realm (_id, organization, realm_id, key_index, created_on) VALUES (8, 1, 'f0000000-0000-0000-0000-000000000011', 2, '2000-01-25 01:00:00+01');
INSERT INTO public.realm (_id, organization, realm_id, key_index, created_on) VALUES (9, 1, 'f0000000-0000-0000-0000-000000000012', 2, '2000-01-30 01:00:00+01');


--
-- Data for Name: block; Type: TABLE DATA; Schema: public; Owner: postgres
--

INSERT INTO public.block (_id, organization, block_id, realm, author, size, created_on, deleted_on, key_index) VALUES (1, 1, 'f0000000-0000-0000-0000-000000000013', 1, 1, 45, '2000-02-06 01:00:00+01', NULL, 1);
INSERT INTO public.block (_id, organization, block_id, realm, author, size, created_on, deleted_on, key_index) VALUES (2, 1, 'f0000000-0000-0000-0000-000000000014', 2, 2, 45, '2000-02-10 01:00:00+01', NULL, 2);
INSERT INTO public.block (_id, organization, block_id, realm, author, size, created_on, deleted_on, key_index) VALUES (3, 1, 'f0000000-0000-0000-0000-000000000015', 3, 3, 45, '2000-02-14 01:00:00+01', NULL, 1);
INSERT INTO public.block (_id, organization, block_id, realm, author, size, created_on, deleted_on, key_index) VALUES (4, 1, 'f0000000-0000-0000-0000-000000000016', 4, 4, 45, '2000-02-18 01:00:00+01', NULL, 1);
INSERT INTO public.block (_id, organization, block_id, realm, author, size, created_on, deleted_on, key_index) VALUES (5, 1, 'f0000000-0000-0000-0000-000000000017', 5, 5, 45, '2000-02-22 01:00:00+01', NULL, 1);
INSERT INTO public.block (_id, organization, block_id, realm, author, size, created_on, deleted_on, key_index) VALUES (6, 1, 'f0000000-0000-0000-0000-000000000018', 6, 6, 45, '2000-02-26 01:00:00+01', NULL, 1);
INSERT INTO public.block (_id, organization, block_id, realm, author, size, created_on, deleted_on, key_index) VALUES (7, 1, 'f0000000-0000-0000-0000-000000000019', 7, 7, 45, '2000-03-01 01:00:00+01', NULL, 1);
INSERT INTO public.block (_id, organization, block_id, realm, author, size, created_on, deleted_on, key_index) VALUES (8, 1, 'f0000000-0000-0000-0000-00000000001a', 8, 8, 45, '2000-03-05 01:00:00+01', NULL, 2);
INSERT INTO public.block (_id, organization, block_id, realm, author, size, created_on, deleted_on, key_index) VALUES (9, 1, 'f0000000-0000-0000-0000-00000000001b', 9, 9, 45, '2000-03-09 01:00:00+01', NULL, 2);


--
-- Data for Name: common_topic; Type: TABLE DATA; Schema: public; Owner: postgres
--

INSERT INTO public.common_topic (_id, organization, last_timestamp) VALUES (1, 1, '2000-01-31 01:00:00+01');


--
-- Data for Name: profile; Type: TABLE DATA; Schema: public; Owner: postgres
--

INSERT INTO public.profile (_id, user_, profile, profile_certificate, certified_by, certified_on) VALUES (1, 4, 'OUTSIDER', '\xe400a50c9c0bff275b241346a9d339a1538a349406f4132035d3cde000471b8eafea755bd5790f283a0de67940441c22c03f405fb9566bbebc87ec3d431153020028b52ffd0058450300c40585a474797065b7757365725f7570646174655f6365727469666963617465a6617574686f72d802b00001a974696d657374616d70d70100035e2efad68000a76964d802a0000004ab6e65775f70726f66696c65a84f5554534944455203004f594342db728032', 1, '2000-01-16 01:00:00+01');
INSERT INTO public.profile (_id, user_, profile, profile_certificate, certified_by, certified_on) VALUES (2, 5, 'STANDARD', '\x240f669746aee0f650354d845464f30e586a245985a173b1ad1c96f57dea27845c65c858a54262115db24897399b1cdb872532110b64922d125443ac0befc40c0028b52ffd0058450300c40585a474797065b7757365725f7570646174655f6365727469666963617465a6617574686f72d802b00001a974696d657374616d70d70100035e5736854000a76964d802a0000005ab6e65775f70726f66696c65a85354414e4441524403004f594342db728032', 1, '2000-01-18 01:00:00+01');
INSERT INTO public.profile (_id, user_, profile, profile_certificate, certified_by, certified_on) VALUES (3, 6, 'OUTSIDER', '\x1d2252863a97d88dacaf9d9359375e4183301740909eef7829f63bbf885af99ab6b2a11517f10123c3959c5b631c0a7bc41002f55b29a579b5db2d2feb60010b0028b52ffd0058450300c40585a474797065b7757365725f7570646174655f6365727469666963617465a6617574686f72d802b00001a974696d657374616d70d70100035e7f72340000a76964d802a0000006ab6e65775f70726f66696c65a84f5554534944455203004f594342db728032', 1, '2000-01-20 01:00:00+01');
INSERT INTO public.profile (_id, user_, profile, profile_certificate, certified_by, certified_on) VALUES (4, 6, 'ADMIN', '\x51a65f64cb40a75a7ee6f7edf026ba7caae51672118d77cc00d8e91bba6744a0d2d239743b764cf12ac684fcf60c53fc546c744766d2f03343a76e2f41b062070028b52ffd00582d0300940585a474797065b7757365725f7570646174655f6365727469666963617465a6617574686f72d802b00001a974696d657374616d70d70100035e93900b6000a76964d802a0000006ab6e65775f70726f66696c65a541444d494e03004f594342db728032', 1, '2000-01-21 01:00:00+01');
INSERT INTO public.profile (_id, user_, profile, profile_certificate, certified_by, certified_on) VALUES (5, 7, 'ADMIN', '\x609df81a6cafed143f536c16066eeb7be074cd07b72cffe1fc4fa271f1643e90fc827dedabbc62ea5443756900bc582be98d90d090bd252972553982209ea9020028b52ffd00582d0300940585a474797065b7757365725f7570646174655f6365727469666963617465a6617574686f72d802b00001a974696d657374616d70d70100035ecfe9918000a76964d802a0000007ab6e65775f70726f66696c65a541444d494e03004f594342db728032', 1, '2000-01-24 01:00:00+01');
INSERT INTO public.profile (_id, user_, profile, profile_certificate, certified_by, certified_on) VALUES (6, 8, 'ADMIN', '\x0399017d86fff2e14df5da84758b9e225f00d91494008407e263f73ab6397b3a58a738c39de7fed3b6d32df33370227b19b296371ae28677726446df4a72270e0028b52ffd00582d0300940585a474797065b7757365725f7570646174655f6365727469666963617465a6617574686f72d802b00001a974696d657374616d70d70100035ef825404000a76964d802a0000008ab6e65775f70726f66696c65a541444d494e03004f594342db728032', 1, '2000-01-26 01:00:00+01');
INSERT INTO public.profile (_id, user_, profile, profile_certificate, certified_by, certified_on) VALUES (7, 9, 'OUTSIDER', '\x1dcd672bd55578e9a3c2e9e4e13c5461f3cd4a859b467ac24c6d8b60068120ecf46c078f5ebe88cf1f6884a198ceadc8f701d8195ad1722dbf2efe778021f2000028b52ffd0058450300c40585a474797065b7757365725f7570646174655f6365727469666963617465a6617574686f72d802b00001a974696d657374616d70d70100035f347ec66000a76964d802a0000009ab6e65775f70726f66696c65a84f5554534944455203004f594342db728032', 1, '2000-01-29 01:00:00+01');
INSERT INTO public.profile (_id, user_, profile, profile_certificate, certified_by, certified_on) VALUES (8, 9, 'ADMIN', '\x250fea3c888b1179d3b62b56fbf87742b44e7aef0fd422759aecd64158bbf7bc2f4e90d85dcbaaa687d1f1dda78d53d1733af25096a63e4c7c8812149213450d0028b52ffd00582d0300940585a474797065b7757365725f7570646174655f6365727469666963617465a6617574686f72d802b00001a974696d657374616d70d70100035f5cba752000a76964d802a0000009ab6e65775f70726f66696c65a541444d494e03004f594342db728032', 1, '2000-01-31 01:00:00+01');


--
-- Data for Name: realm_keys_bundle; Type: TABLE DATA; Schema: public; Owner: postgres
--

INSERT INTO public.realm_keys_bundle (_id, realm, key_index, realm_key_rotation_certificate, certified_by, certified_on, key_canary, keys_bundle) VALUES (1, 2, 1, '\xcc48fc2d5f18fa0bf51dbe3c3b5bc76d0016c9296d7a0f0844e66db2f70a47b499cd1bd28fd2174357751f838a52ed4cc682f7a310f43c79997cc9339541680f0028b52ffd0058ad0600340c88a474797065be7265616c6d5f6b65795f726f746174696f6e5f6365727469666963617465a6617574686f72d802b00002a974696d657374616d70d70100035df2a1506000a86964d802f000000ba96b65795f696e64657801b4656e63727970616c676f726974686db8424c414b45325f5853414c534132305f504f4c5931333035ae68617368a6534841323536aa6b65795f63616e617279c428e007dd1eb20abda737ca6b00f44a855f7ba35b884614283c435d7bbcb70157f9d61c72e4d9e4d7dc05005fba6f1b5a06956b4f181a1c000a', 2, '2000-01-13 01:00:00+01', '\xe007dd1eb20abda737ca6b00f44a855f7ba35b884614283c435d7bbcb70157f9d61c72e4d9e4d7dc', '\xbf4f5852cde32543e56282e05df25e0f915ab43cd49c49d5a4e4c51f1f44bd82f8ab708c5fa7edaf71790f6487dea77783d21b587144c1ed98ef23cba7a34a33231b482e0554bb316352eae6184f885485ef79ea6f310709b262aa9d45270c619cbb07e95b2f70af8c79753db547f35f4f16e2b8caab654f0a27de8851e89400a1ecccf3d6a04360d38360488be5b76a15e925f0572e5b0f4011be6b5cad9426772d999947316da37b5874e35dec24d8ca2d8a104c833b850ae5596d3f35ea6ce3a8b58d3654477d6cb69642fef0');
INSERT INTO public.realm_keys_bundle (_id, realm, key_index, realm_key_rotation_certificate, certified_by, certified_on, key_canary, keys_bundle) VALUES (2, 8, 1, '\xe823469893fff63cb54c96bb768074dd59bff44c7a715da4fecdfe44f8b2a133ce6769114f425e75f9e35f00e942700c7c6e9c0fa0c2ea2fbe5f599c76c8130e0028b52ffd0058ad0600340c88a474797065be7265616c6d5f6b65795f726f746174696f6e5f6365727469666963617465a6617574686f72d802b00008a974696d657374616d70d70100035f0c4317a000a86964d802f0000011a96b65795f696e64657801b4656e63727970616c676f726974686db8424c414b45325f5853414c534132305f504f4c5931333035ae68617368a6534841323536aa6b65795f63616e617279c428f8621bdc490be7576b56c0efefc5839faf21eeaadfd750ef11f0ca0f14cd3bb1312dcabf2e933bba05005fba6f1b5a06956b4f181a1c000a', 8, '2000-01-27 01:00:00+01', '\xf8621bdc490be7576b56c0efefc5839faf21eeaadfd750ef11f0ca0f14cd3bb1312dcabf2e933bba', '\x7c3b8bd61c026988d1502ba129b9b785541f46a3b40aaf8ddb7e9143c910f1b1f7b630f55d08d8093e4613f791992f632b592230568a6138cf0b58a8624ef922ca652da0bf660bddb1a08a5d2a91de2deb8124d2dc2256420a6dd4968b0e5742ff8c1a9cfca7fd656e6f363b983f027a4a01045f291d622eb877539e35f9929c39f1e249f931e5f378aca10992df3d9752a77286626f9982298985209668ec0ff523a2d9c42c330b7b197747d0af2a81393370c0f6f07c58bb4a308f74421f756e60f73d1c9d2088ed850a3e5e61');
INSERT INTO public.realm_keys_bundle (_id, realm, key_index, realm_key_rotation_certificate, certified_by, certified_on, key_canary, keys_bundle) VALUES (3, 9, 1, '\xf40ab1a7350ef94d9a30ccb9cab15ae35797f6d87071cfb7334524e5c9cb6a37c7cbaf13812b8ad759ea25f13a8b6b6fbe6c6660bf2e786069c2c961033663090028b52ffd0058ad0600340c88a474797065be7265616c6d5f6b65795f726f746174696f6e5f6365727469666963617465a6617574686f72d802b00009a974696d657374616d70d70100035f70d84c8000a86964d802f0000012a96b65795f696e64657801b4656e63727970616c676f726974686db8424c414b45325f5853414c534132305f504f4c5931333035ae68617368a6534841323536aa6b65795f63616e617279c4282ff4570ad68c0d5cc49faa6069201e2319d1cdc3f17a871ed65d1922123ae75dc3ce815cae12a41305005fba6f1b5a06956b4f181a1c000a', 9, '2000-02-01 01:00:00+01', '\x2ff4570ad68c0d5cc49faa6069201e2319d1cdc3f17a871ed65d1922123ae75dc3ce815cae12a413', '\x4ccd89524dbfb40c26dff08670c76e0424a01f613a2553ecbe0eea31eb23bd3597ab048286b523c88365a00a13b39e5c4475795354109515dab18013d1ddef3b9ac1072e7b62ef980d8ffb1a6f95b60a833e3ba48a7d0ea2a8209e3c1e13b51afa41a6be4b1abc86f03b45c5eb551ee89bb72178c3e8bcbc817999a5c94052e2eae1de34879e3af82b06e31c2f11da2bacfcaebebc3966eb04f3a4754f66c07d95bb12c03608bbc96dcc7cbd50145ac759702a0de30283dfc5f54a0ae29a64a58f373a2dab53e7f5fbc524c8e529');
INSERT INTO public.realm_keys_bundle (_id, realm, key_index, realm_key_rotation_certificate, certified_by, certified_on, key_canary, keys_bundle) VALUES (4, 1, 1, '\x12d1ec55fe1b329220dd1e534c39e9e9f9a69057942b6e3fcc83a20f85c7b9a54acb64a40d99c11373f0c86486fdb3173ea924b6fa70aca4313b0d6a12a7c7010028b52ffd0058ad0600340c88a474797065be7265616c6d5f6b65795f726f746174696f6e5f6365727469666963617465a6617574686f72d802b00001a974696d657374616d70d70100035f9913fb4000a86964d802f000000aa96b65795f696e64657801b4656e63727970616c676f726974686db8424c414b45325f5853414c534132305f504f4c5931333035ae68617368a6534841323536aa6b65795f63616e617279c42802df45760bfd38ea9999c9185298093a095c3adea7a2f3712edf03d7495c5e8f3b3ee27a37f15e7605005fba6f1b5a06956b4f181a1c000a', 1, '2000-02-03 01:00:00+01', '\x02df45760bfd38ea9999c9185298093a095c3adea7a2f3712edf03d7495c5e8f3b3ee27a37f15e76', '\xf5be6294e0cf3a22108dcac4980942ec2ef1100e887b501346989cbcad470257b9d71db6b70ef3430afe370047de59e0c5220f25d084918717e73eaaee190050ce6971f1bded017984fbd951aca913bb1be8f951e4db013cbafb97b984094e65595be1d43bdb8c19e50352d6816b13303da21d6b9247ddf118a5d3763987902abad5103f8ef1b54f3af1e303d717439c74931e9eb3bb2ca6fca3a61cc481ec49070c363e59ed3e9f5fc7d8e41686f55c89aad0675295105c2dd078e895975005f721bede753217ce8d05aff2c997');
INSERT INTO public.realm_keys_bundle (_id, realm, key_index, realm_key_rotation_certificate, certified_by, certified_on, key_canary, keys_bundle) VALUES (5, 2, 2, '\xe847b31bdf7be58d1002cf214c3350b2798148a928958e96d37e877830018328ba8f28177920f6c07993d6c3a019e3548ed7846a27cb0b82d5be4c3292dc890f0028b52ffd0058ad0600340c88a474797065be7265616c6d5f6b65795f726f746174696f6e5f6365727469666963617465a6617574686f72d802b00002a974696d657374616d70d70100035fe98b58c000a86964d802f000000ba96b65795f696e64657802b4656e63727970616c676f726974686db8424c414b45325f5853414c534132305f504f4c5931333035ae68617368a6534841323536aa6b65795f63616e617279c428afbbc38964534fca3f40e109487ccf69d0b8a82fe771f2fb4ba7fc99959f3958ecc0efc78d2ec70305005fba6f1b5a06956b4f181a1c000a', 2, '2000-02-07 01:00:00+01', '\xafbbc38964534fca3f40e109487ccf69d0b8a82fe771f2fb4ba7fc99959f3958ecc0efc78d2ec703', '\x6d6d53270c2d74b9a1f01c15537971eee2b8edffd05374bc3c5526cc6d1986c751b6d522ef54e6ea181aa30b37b4925b604c750d61825f52aa10d88f0a7e178a293547a9c23c695a2647bc992abe663f1e508900da74a1fd1f40f7a5cb3b3e9c4b9eb770314ce6b9ceb3e5809d4851a8781b13f13fb847589db43428b589ea9ccc0c6956a03e4157943060c3d68695f0a6b98cfa10de29f80274bfe62aa550c71e62d7d6e6a8258ba1013a9c1db11690d6b1bcec9f5a08e065892faecd51a61710c656f8a89c1f89a70f057a54dcebe5d6ef');
INSERT INTO public.realm_keys_bundle (_id, realm, key_index, realm_key_rotation_certificate, certified_by, certified_on, key_canary, keys_bundle) VALUES (6, 3, 1, '\xc8a454937021df4ebbbc9bb4e437b7fd5651eddda559b103e05c6a7c63182ac66ee7961360fa02477f50eda5a1221ccbfc8d8ff84113fbc4637c16503a658c020028b52ffd0058ad0600340c88a474797065be7265616c6d5f6b65795f726f746174696f6e5f6365727469666963617465a6617574686f72d802b00003a974696d657374616d70d7010003603a02b64000a86964d802f000000ca96b65795f696e64657801b4656e63727970616c676f726974686db8424c414b45325f5853414c534132305f504f4c5931333035ae68617368a6534841323536aa6b65795f63616e617279c428eea4c1a109c6cd04b8bc2532d05470dc7e784e0e17c76e728ce6381cca8d5091f5c802df37289ad505005fba6f1b5a06956b4f181a1c000a', 3, '2000-02-11 01:00:00+01', '\xeea4c1a109c6cd04b8bc2532d05470dc7e784e0e17c76e728ce6381cca8d5091f5c802df37289ad5', '\x56b3cf7cc57ac60d4625681b5c4dbde796c9b5fad3504a1b2e333e72c6073b667a0a25b56b85d6cc7b8c0473cec09352c567b0471b52bbe32a2be5658bdd65d3d4c4bc5e1fd5a9e57b6727f3b0b3d1cb526490c5e08998985be3e2ae1c517f9aacf30f7881b5e3cf960a2dfcf859642522aa709e99eb1b789ca454eb2918354a3e056eb7194a7953bb1957c007d000d9b83dc5e67b2c5aad2745cf39f77b2ef67e1f90c97669dff0238600018af13db22aedc41f44da5192500b4f04b293cea69ba83406b82c631c15bbe92f4120');
INSERT INTO public.realm_keys_bundle (_id, realm, key_index, realm_key_rotation_certificate, certified_by, certified_on, key_canary, keys_bundle) VALUES (7, 4, 1, '\x2a65d87bcfd1fe77f4ff39fc4e8cbd817572cb5137c83383fc1b904e0b55f189f0a2a081b7830c717817e8987b73ee8ff6f2ae041484357217a2f19d9a06cc030028b52ffd0058ad0600340c88a474797065be7265616c6d5f6b65795f726f746174696f6e5f6365727469666963617465a6617574686f72d802b00004a974696d657374616d70d7010003608a7a13c000a86964d802f000000da96b65795f696e64657801b4656e63727970616c676f726974686db8424c414b45325f5853414c534132305f504f4c5931333035ae68617368a6534841323536aa6b65795f63616e617279c428f9b6d4568b5f82626e7ff8ecd5b714a5ec55541dfbf87351c7af8250dbf5519e2dc070a66180ff5c05005fba6f1b5a06956b4f181a1c000a', 4, '2000-02-15 01:00:00+01', '\xf9b6d4568b5f82626e7ff8ecd5b714a5ec55541dfbf87351c7af8250dbf5519e2dc070a66180ff5c', '\x7641eba75609fd5a5f6f982d46426d4e575d11d6b51a64bf29a6be5b22dc599a4691e8d3589e50745ea80d5a53fbf5a1bfced209781ae79c8c9070e6c4df77ccc1e44969916884ea95bb71edb6ca5cb00940fa622aaf2c90d368f8bb36e5a00339ea2322808d2b77b17ae930020981239d5d6c6b9c93b4f360002e05fb6ab4e3383eaec14d91fda92f74bd7c5fb1adcd53e739292ac07e6981db3222c14a37b24af5010de12a15d6f5d6ce7e5e3b6b61a80791696dbd0ee3f7dd3ba0cecebc1dfeea56ff5e90b5253f377510b7ad');
INSERT INTO public.realm_keys_bundle (_id, realm, key_index, realm_key_rotation_certificate, certified_by, certified_on, key_canary, keys_bundle) VALUES (8, 5, 1, '\x266bb78cfa546ea043a41bc0951c9d683ee3a94724963ca3542189b55b84d0c921437625a031ac4b43fd6d357386e164e73f856fd909c8cf7808f5d72e5be00b0028b52ffd0058ad0600340c88a474797065be7265616c6d5f6b65795f726f746174696f6e5f6365727469666963617465a6617574686f72d802b00005a974696d657374616d70d701000360daf1714000a86964d802f000000ea96b65795f696e64657801b4656e63727970616c676f726974686db8424c414b45325f5853414c534132305f504f4c5931333035ae68617368a6534841323536aa6b65795f63616e617279c428b839393540de6cb2aae432d40ebe741d0f39f1512ef5a509b3ce9a29770fb4c3b5bb271c812f7bc205005fba6f1b5a06956b4f181a1c000a', 5, '2000-02-19 01:00:00+01', '\xb839393540de6cb2aae432d40ebe741d0f39f1512ef5a509b3ce9a29770fb4c3b5bb271c812f7bc2', '\x1714eb3b01865f93ae68ccb9bc7d28192e585482a56b994b5ad39564ecd6ca645cd87b64553f52d7229d7ef846885df3c2a04bc882c4f8c2ec4df5a98dfb65394b3a95c4220db91cd1634fdd6320df584b0706f935cdba670c549a0985c3ed952bec9e69a6a9bf6398ed36e4971a567c39874f8ad7dffde31984c61df53ebd00834ae7a9edc804c1eab7bb2a9277798940df95fbdb8d194bb98c761dda08555e32cb30a01b06cbeb69a15f35853c63b06f527bcfa569672919c25c2fa82092651070be81e729266405a0ab30bab1');
INSERT INTO public.realm_keys_bundle (_id, realm, key_index, realm_key_rotation_certificate, certified_by, certified_on, key_canary, keys_bundle) VALUES (9, 6, 1, '\xe4cec3b5138b880efc1852604207f9556c457e21e1910389b80d3749eeec90ca3dcb047f81b9c060237b056b9127de9a7e812227a9f3f729c1ce06e5123c88030028b52ffd0058ad0600340c88a474797065be7265616c6d5f6b65795f726f746174696f6e5f6365727469666963617465a6617574686f72d802b00006a974696d657374616d70d7010003612b68cec000a86964d802f000000fa96b65795f696e64657801b4656e63727970616c676f726974686db8424c414b45325f5853414c534132305f504f4c5931333035ae68617368a6534841323536aa6b65795f63616e617279c428bee3c1391b681878cd85f04a5ae8b5371c835f539a018f6886b063338c19e52621956157f3b9989405005fba6f1b5a06956b4f181a1c000a', 6, '2000-02-23 01:00:00+01', '\xbee3c1391b681878cd85f04a5ae8b5371c835f539a018f6886b063338c19e52621956157f3b99894', '\x40d59aec136e90d0a17fcf7439b1bcb8b0514f2a00fdbe80525cbeb14903542e54a0e2c3f38340ed913c206b8e8e5154e7e925dad94783b174f5d714f5294eb58ff31f0d662230dad0249d1097cc798dabc530dbc6dbea479bb04c14366c033c6dbd1baecf506cfb18d19ada1ad772f42e7ce3b5693560e819b690f0adadf133fa5368a35d704a69643e2a02474770aa3c893734eebd77671cd51841a7e0df5ee3fc30fc1feadd706689c7dc0da73551c40693e389dac8f9ea90952472b674628434f9856b27656a39822e498a8f');
INSERT INTO public.realm_keys_bundle (_id, realm, key_index, realm_key_rotation_certificate, certified_by, certified_on, key_canary, keys_bundle) VALUES (10, 7, 1, '\xcd7d1e2972aa5a68b88a8098c120092649f48dd662758d5b6f816c2e056466cf2992e88d955332e8ca706c9004eb6e08bd7b4daa68198def323b36a5ee0e9b010028b52ffd0058ad0600340c88a474797065be7265616c6d5f6b65795f726f746174696f6e5f6365727469666963617465a6617574686f72d802b00007a974696d657374616d70d7010003617be02c4000a86964d802f0000010a96b65795f696e64657801b4656e63727970616c676f726974686db8424c414b45325f5853414c534132305f504f4c5931333035ae68617368a6534841323536aa6b65795f63616e617279c428ee9b0851fc12917ae36b71b328502a35c19c503c6d9aa98a8c58dbd78f9b569098d7fa6c1d9cf2e205005fba6f1b5a06956b4f181a1c000a', 7, '2000-02-27 01:00:00+01', '\xee9b0851fc12917ae36b71b328502a35c19c503c6d9aa98a8c58dbd78f9b569098d7fa6c1d9cf2e2', '\x451726409b9c94e4b310fb15c6fd65492b35f8c1e6d8d1ab6638d9b4dfa7ad08f03f5c67333f4dc58dec12e391b9ecdd80945b8077321ac466995b4d81f112d96d6cf17dfddb34b77221875fd99b21f86964a2d33f3481c52d19a45672a3f9d200e58088c30fff940bbffb6dd01975a53b75be5df51cb7158f8715cd45cf5380a5c9905b4f6df995b18695452a031ebf3d4318a9d8bf91b58cf39eb2286021dca359bf2b7dd4da4773e896c37fef6ca95def3add269a8f4f53113544e78945b8fa4fd9b7b9d22c550f1404d1b174');
INSERT INTO public.realm_keys_bundle (_id, realm, key_index, realm_key_rotation_certificate, certified_by, certified_on, key_canary, keys_bundle) VALUES (11, 8, 2, '\x9079e2f60a1b1e0f03ba9e14d1fcaa9132f92812738e173cffd0e00ade81a756e55e1c51d29856fb1b0f1ac050b7e454612df184c35f944f2adc9f7f67c8db040028b52ffd0058ad0600340c88a474797065be7265616c6d5f6b65795f726f746174696f6e5f6365727469666963617465a6617574686f72d802b00008a974696d657374616d70d701000361cc5789c000a86964d802f0000011a96b65795f696e64657802b4656e63727970616c676f726974686db8424c414b45325f5853414c534132305f504f4c5931333035ae68617368a6534841323536aa6b65795f63616e617279c4283e6157b4f176b56f361a39ae849027862e6953c4cab8a1eeb1bec2a2882ea35147904c487e2af97105005fba6f1b5a06956b4f181a1c000a', 8, '2000-03-02 01:00:00+01', '\x3e6157b4f176b56f361a39ae849027862e6953c4cab8a1eeb1bec2a2882ea35147904c487e2af971', '\x4932f4a195ad4aff1501aed959dd690bca8481d092317b5d021515e8e18364ebaa50b2fb523b5af662bc7968bc9a9b8209e4e00eff79feb2edd181f6d334dcbd3d70aea3c0b0cfea0e51ded621cde3d8c62ff9146c421c9a2c91d914b3e4d7b8f60d32f274166f333addc92941774d5577bfe54b5df5d3304575d300df9c09d2239ee2d78940ae037071447b2dc1ca14d0bc7b8adb9ab74a4f47dd917db95db330c13b6c42910087b3f00fef0b82802a18c4950602d13acaebea64344273c6a0763aa4e552e7df1195d7713e1e5e4c473440');
INSERT INTO public.realm_keys_bundle (_id, realm, key_index, realm_key_rotation_certificate, certified_by, certified_on, key_canary, keys_bundle) VALUES (12, 9, 2, '\xc18dea6e87433b958e926a2e61dee3ccf322385e446319d6ba19af4623a0dda94ccebc95cecb9a9b94d01eb9d5ef5cf259af7d0655411ef0fa83dc951871ae020028b52ffd0058ad0600340c88a474797065be7265616c6d5f6b65795f726f746174696f6e5f6365727469666963617465a6617574686f72d802b00009a974696d657374616d70d7010003621ccee74000a86964d802f0000012a96b65795f696e64657802b4656e63727970616c676f726974686db8424c414b45325f5853414c534132305f504f4c5931333035ae68617368a6534841323536aa6b65795f63616e617279c428a04fb6a50886e85b53823b19bc208ef03af3f37c5622afee71ba40b066c54bf6a30755dfe2117f7205005fba6f1b5a06956b4f181a1c000a', 9, '2000-03-06 01:00:00+01', '\xa04fb6a50886e85b53823b19bc208ef03af3f37c5622afee71ba40b066c54bf6a30755dfe2117f72', '\x1261e967df84944386ea6b4a737bbf18e134f128f45b696ef6f32bf22948bb1da477b118e22fee44ded73a0c64cfb39591f27da6b6f8590fa903b5b2917adf87546ffa3d5beccdd368e4689cfe688b473d3ebfae83e6be5dde7de11517ba47c9a2f69120a781ab71aaad1c2fa0b120c4578f1f37b3848a719c95355c62c0416f7b81f263086fe8095c52373e2ab182af260f5ff893734ae620241ba7ee715974d187b27195bf4af95f99d9c22c9262ef450fd6303d066e527e3dc724209d45e5d17e421db169fafafc951c144451f3fe4194');


--
-- Data for Name: realm_user_role; Type: TABLE DATA; Schema: public; Owner: postgres
--

INSERT INTO public.realm_user_role (_id, realm, user_, role, certificate, certified_by, certified_on) VALUES (1, 1, 1, 'OWNER', '\x4bef81501ed62845c561ad394e81c43ab3097b3a63ed1a3db15bf07dd345ab53ecd1d4358d454fae93ce792e712dd3d2a2b39bc590c0517a121b0fd074f639050028b52ffd00584d0300840586a474797065b67265616c6d5f726f6c655f6365727469666963617465a6617574686f72d802b00001a974696d657374616d70d70100035dca65a1a000a86964d802f000000aa775736572a001a4726f6c65a54f574e45520500408a9e0287cab5230c0d072803', 1, '2000-01-11 01:00:00+01');
INSERT INTO public.realm_user_role (_id, realm, user_, role, certificate, certified_by, certified_on) VALUES (2, 2, 2, 'OWNER', '\x0d4e71aa294a9d13cfe77201cc983de7bc90f6e0c382d8807d7d1266194e6ca819ead043348089343dbcdfd5c42fa22c4e70262881e134f141ba29f1f8b4c40a0028b52ffd00584d0300840586a474797065b67265616c6d5f726f6c655f6365727469666963617465a6617574686f72d802b00002a974696d657374616d70d70100035dde83790000a86964d802f000000ba775736572a002a4726f6c65a54f574e45520500408a9e0287cab5230c0d072803', 2, '2000-01-12 01:00:00+01');
INSERT INTO public.realm_user_role (_id, realm, user_, role, certificate, certified_by, certified_on) VALUES (3, 2, 3, 'CONTRIBUTOR', '\x9d8201b2e5742478a6dc729c1d1a35eb96efa26f10fa6d581a0963e53c1ff96fded66b672a64605d6206e3ca5e2f7890ef90e22bce19be44751ca4b70cbc53010028b52ffd00587d0300e40586a474797065b67265616c6d5f726f6c655f6365727469666963617465a6617574686f72d802b00002a974696d657374616d70d70100035e06bf27c000a86964d802f000000ba775736572a003a4726f6c65ab434f4e5452494255544f520500408a9e0287cab5230c0d072803', 2, '2000-01-14 01:00:00+01');
INSERT INTO public.realm_user_role (_id, realm, user_, role, certificate, certified_by, certified_on) VALUES (4, 3, 3, 'OWNER', '\xf078770926215107814bd2150ed90e9635bfd4593b5112002b1014d1b5b42d39d4c18094dbe1a29e49498211326ea466776afb7a0e6f9064211853b649a01f0b0028b52ffd00584d0300840586a474797065b67265616c6d5f726f6c655f6365727469666963617465a6617574686f72d802b00003a974696d657374616d70d70100035e1adcff2000a86964d802f000000ca775736572a003a4726f6c65a54f574e45520500408a9e0287cab5230c0d072803', 3, '2000-01-15 01:00:00+01');
INSERT INTO public.realm_user_role (_id, realm, user_, role, certificate, certified_by, certified_on) VALUES (5, 4, 4, 'OWNER', '\xa781249ba972a0744dd4b19da37e43c5b917417cd171d24ba63af3ea8e7e22a367fd6c3d84aa60c0a12d764219cde47cc1f7d8dcda1a04681e9727a878b9d2040028b52ffd00584d0300840586a474797065b67265616c6d5f726f6c655f6365727469666963617465a6617574686f72d802b00004a974696d657374616d70d70100035e4318ade000a86964d802f000000da775736572a004a4726f6c65a54f574e45520500408a9e0287cab5230c0d072803', 4, '2000-01-17 01:00:00+01');
INSERT INTO public.realm_user_role (_id, realm, user_, role, certificate, certified_by, certified_on) VALUES (6, 5, 5, 'OWNER', '\xa7b4901eca18688a07d6b7680845132d8405bdeefad6b5086334e4ed1a61271d5c7d928f48e129ea299d4b85c632f6f04b40b21f61ed3ab5577f2fafc6570a0d0028b52ffd00584d0300840586a474797065b67265616c6d5f726f6c655f6365727469666963617465a6617574686f72d802b00005a974696d657374616d70d70100035e6b545ca000a86964d802f000000ea775736572a005a4726f6c65a54f574e45520500408a9e0287cab5230c0d072803', 5, '2000-01-19 01:00:00+01');
INSERT INTO public.realm_user_role (_id, realm, user_, role, certificate, certified_by, certified_on) VALUES (7, 6, 6, 'OWNER', '\x845153be999e1546dd3d53c328a851ca3a49f753fd49602239a418274c74c9c7cc1b0270bc51e910105dd674e63a0597d0c74b06e3d0d3d56cfe2d9e5ceb1b060028b52ffd00584d0300840586a474797065b67265616c6d5f726f6c655f6365727469666963617465a6617574686f72d802b00006a974696d657374616d70d70100035ea7ade2c000a86964d802f000000fa775736572a006a4726f6c65a54f574e45520500408a9e0287cab5230c0d072803', 6, '2000-01-22 01:00:00+01');
INSERT INTO public.realm_user_role (_id, realm, user_, role, certificate, certified_by, certified_on) VALUES (8, 7, 7, 'OWNER', '\xfb18995159097ecd04d7455bf3a4817783819f8b569b53f30d201dc11f1b52b7b1e7b6c56336819b64facb984cceaddaeed9d57ac2c7c6df01df99bd66705e030028b52ffd00584d0300840586a474797065b67265616c6d5f726f6c655f6365727469666963617465a6617574686f72d802b00007a974696d657374616d70d70100035ebbcbba2000a86964d802f0000010a775736572a007a4726f6c65a54f574e45520500408a9e0287cab5230c0d072803', 7, '2000-01-23 01:00:00+01');
INSERT INTO public.realm_user_role (_id, realm, user_, role, certificate, certified_by, certified_on) VALUES (9, 8, 8, 'OWNER', '\x00af7ff22977f6ae1e504b7580b5cce091e440118a88ed1320908d3f7a6d3e4c6f6ed217482ede591dd2688669e122e152795e5ca8269f9771c934cce5d2f10b0028b52ffd00584d0300840586a474797065b67265616c6d5f726f6c655f6365727469666963617465a6617574686f72d802b00008a974696d657374616d70d70100035ee40768e000a86964d802f0000011a775736572a008a4726f6c65a54f574e45520500408a9e0287cab5230c0d072803', 8, '2000-01-25 01:00:00+01');
INSERT INTO public.realm_user_role (_id, realm, user_, role, certificate, certified_by, certified_on) VALUES (10, 8, 3, 'CONTRIBUTOR', '\x619166862c1584e06fa95a7f98515fa3302f73ef45d082edfebc467e63d6b9835dad52c1a3291405dd5276f3084a390019015e44ee791eb3903a545d97bd0e000028b52ffd00587d0300e40586a474797065b67265616c6d5f726f6c655f6365727469666963617465a6617574686f72d802b00008a974696d657374616d70d70100035f2060ef0000a86964d802f0000011a775736572a003a4726f6c65ab434f4e5452494255544f520500408a9e0287cab5230c0d072803', 8, '2000-01-28 01:00:00+01');
INSERT INTO public.realm_user_role (_id, realm, user_, role, certificate, certified_by, certified_on) VALUES (11, 9, 9, 'OWNER', '\xb915a6e8badf12babbb054f8d5d2173a79db883ca121d17016ed5b67a034b5206340ba1d2f6cf263f9a52b0c88b2afbf4b35c158dcdb7edc7af7b37e86911c0d0028b52ffd00584d0300840586a474797065b67265616c6d5f726f6c655f6365727469666963617465a6617574686f72d802b00009a974696d657374616d70d70100035f489c9dc000a86964d802f0000012a775736572a009a4726f6c65a54f574e45520500408a9e0287cab5230c0d072803', 9, '2000-01-30 01:00:00+01');
INSERT INTO public.realm_user_role (_id, realm, user_, role, certificate, certified_by, certified_on) VALUES (12, 9, 3, 'CONTRIBUTOR', '\xd16502d1efc415d72d25dd9e2eb918903368366a38583870fc70f028a28689363b4140d23600f608416708b8c99dd52ebcd98f08425e073628bfabad648af60b0028b52ffd00587d0300e40586a474797065b67265616c6d5f726f6c655f6365727469666963617465a6617574686f72d802b00009a974696d657374616d70d70100035f84f623e000a86964d802f0000012a775736572a003a4726f6c65ab434f4e5452494255544f520500408a9e0287cab5230c0d072803', 9, '2000-02-02 01:00:00+01');


--
-- Data for Name: realm_keys_bundle_access; Type: TABLE DATA; Schema: public; Owner: postgres
--

INSERT INTO public.realm_keys_bundle_access (_id, realm, user_, realm_keys_bundle, access, from_sharing) VALUES (1, 2, 2, 1, '\x99e1d2260a406ca7f611b23a529cd8546315945e15c0b128351bdf68bae463628b14dc9bb297faf13024b1a687a0a03a68cd77e348c014f810b839ef2e8ec98fc5d88c4f80ec8c0ce5aac47f2c5c9657f9f4d7d93983da852d701d4a47f80c80009aa2a89351dc2d57bec7c5', NULL);
INSERT INTO public.realm_keys_bundle_access (_id, realm, user_, realm_keys_bundle, access, from_sharing) VALUES (2, 2, 3, 1, '\xc8e93e11fdc34d9f3dfce81194ed2094f9da4cf950a55410d447934203c7d265241b66f16614ab3e24eb3a0843fe25cceb16f3a829753d13e9627a955684bfbc21c51afd84f14da131d6f7b79ff9ffa4450712fbea154c51eeac364c2bdd6ffbf3cdbed41f583b9048f3bc06', 3);
INSERT INTO public.realm_keys_bundle_access (_id, realm, user_, realm_keys_bundle, access, from_sharing) VALUES (3, 8, 8, 2, '\xc3c9e5940028c62179c5e9af0a64caa7bc4258f928eb4a04c33a5e83c8e157713d2ae4eb4e6216ccc5afb5d4eedc59eec3428b810a7f026a0e126e5dd09c1000faa141c08a3493780cf4df92fe7b8f6be62e05cb1b2bd99c4a54ae3c8524e0272ea9854691658c60774876af', NULL);
INSERT INTO public.realm_keys_bundle_access (_id, realm, user_, realm_keys_bundle, access, from_sharing) VALUES (4, 8, 3, 2, '\xf1f90febe8c31559d7390d687ae5f498761799329305ae31fb6faeec4b352913324e13a6a22acac21c823018ecad93ea3b4035ceadb5dc673a0a3c1e3ddeca74c8555cc63a627a2b3db44d1185cb4d950dc873631f3d0aabd0122cf510a73b99b0bd31b56d4539994156ada4', 10);
INSERT INTO public.realm_keys_bundle_access (_id, realm, user_, realm_keys_bundle, access, from_sharing) VALUES (5, 9, 9, 3, '\xf6e469651eec4bd9e348b4c9cfd9b896464f3a2f3e1f97abe665b204ac4b0f10433a418c452f1731bc0d1567245cc1e16256ad4ff38244628178d2d53247c692119361fcd8f8241eae2d5a06c118da586bb726c2b430d57ecacd4989260b45a9e6007089cd69d695c2d4ca86', NULL);
INSERT INTO public.realm_keys_bundle_access (_id, realm, user_, realm_keys_bundle, access, from_sharing) VALUES (6, 9, 3, 3, '\x5d3291364e024daf1f1a7ba2bb26283ff53a030b55485b71f29a9986106b822ad5b7889029511fbf6aea4d755ace215b0fa6a24a5b89d83d3058eace8f88ac5b49bfde743bc8d34effc40c7e5161e7a778e2b5afa6653315fdb431a6f0879294472224016f311af0cee56e54', 12);
INSERT INTO public.realm_keys_bundle_access (_id, realm, user_, realm_keys_bundle, access, from_sharing) VALUES (7, 1, 1, 4, '\xa2148302a1af8dbd979acfb95c63e15af261e9c0425f16340bf3b2884648ae202baea6f66f2bcd91b12ef761a1cf0796ad4376ce97f39627070e7912d3f4ccd0fd8ef2f80fc4bb9031dbd556246903e462f4a9eff8506ac32844b492346b763243d542edb67f4cfcbf9aaca3', NULL);
INSERT INTO public.realm_keys_bundle_access (_id, realm, user_, realm_keys_bundle, access, from_sharing) VALUES (8, 2, 2, 5, '\xe0191a0ad5c88177e5c163d3031ba0528fef29c44f8b3161b230bb61283d1b08690d136d8687bc862e92f74ce8c7c011763060c3ee4173314fe1cd61f2b0be29bff10f003be7ecf434363b5327663db151a59d6b012c7870fdba1d1db5707df7a4de7a9bb7cfb3379d158daa', NULL);
INSERT INTO public.realm_keys_bundle_access (_id, realm, user_, realm_keys_bundle, access, from_sharing) VALUES (9, 2, 3, 5, '\x59b2bc896c1391bbff6f3d82b70586d15e9ac0b74fcfd9b23b1b1d6d56e23e561d9bbe4f44d52ba9fe4e859a950e0217fbea8217e3fb1cc6021dfa94cbbc5a945c91bf13a4e8762265609a1092c477cb58fdc54aa778abd92dbdc98b384a44582e1ff0239921f2bef2ebba4b', NULL);
INSERT INTO public.realm_keys_bundle_access (_id, realm, user_, realm_keys_bundle, access, from_sharing) VALUES (10, 3, 3, 6, '\xa7ecb08311d606f28a5e51c959ee30767ef15f5562fd2f0211152ce907da6302466d7477fcf32cbe5f59a6290bc125f54ce8b29fdb64b4fdc38d1c44a58112b6348ebba249ef01ba58a0baffe366bd7656df2e7ed5e6d4fe9d6fe1bce8a11aedda623e4a50429e2bc1808597', NULL);
INSERT INTO public.realm_keys_bundle_access (_id, realm, user_, realm_keys_bundle, access, from_sharing) VALUES (11, 4, 4, 7, '\xe9000d6c6adf980e92e8471a822e1ca367686b3568c925662e4ee3809cccbb4b2478d0c14456618e1d0a5bb4a4f03857813fa6fd7f11ba8e7329f46a6382f7656da780a239eb97e91439ec62ac5bf1e6fe031f529e80c129a6b4fa2928ad4d8569fc40edea825c364cba7096', NULL);
INSERT INTO public.realm_keys_bundle_access (_id, realm, user_, realm_keys_bundle, access, from_sharing) VALUES (12, 5, 5, 8, '\x0bec2b8dabb0ee2d3475beac03d62738c3fcb651fc290b914380472500295e0fbc671c02447e73d055eb6facae7656be3c3975d840165dde80be62f5202dacc0f9abf40f589ee92caafa06be20e5fde57b5293c4823a4461a178f68d7efda15da11b15cb48fd097306934c17', NULL);
INSERT INTO public.realm_keys_bundle_access (_id, realm, user_, realm_keys_bundle, access, from_sharing) VALUES (13, 6, 6, 9, '\xe72b53bd76292aefa561b4649fc8df93b1189b0a0333e86ccbd9a957ed6fba6a4a9df08b81306733dc2eb02d7a50d8506474de10636f96ef5413efebc1c99f9a07fa1a36eaf0306c21628c69c2a97cfd31a18eaaf3b96a1a3167c482229e12b9d79b4c5d98705e23f54d95e0', NULL);
INSERT INTO public.realm_keys_bundle_access (_id, realm, user_, realm_keys_bundle, access, from_sharing) VALUES (14, 7, 7, 10, '\x6568e70fc5e38136c4e08eeb7a198e030d2072d1855fcff109324f54cfcf9c0d61525ae1ba3dcbd76ab8ca6e012f0f3622044477a03c763cda733c870cb1557fe9c7e7047633b686f457c3d7b947d3d665abf4d23f5e0677db6decaec7d105484e6e6d7faf335f41ff7e0465', NULL);
INSERT INTO public.realm_keys_bundle_access (_id, realm, user_, realm_keys_bundle, access, from_sharing) VALUES (15, 8, 8, 11, '\xb04afd1aa00e7222cf0252f6a5defc2193f15b3305abed29e18f0e73e09e9d6102745e41fec2cc4e4ab34c751f8dfd8172c3c967878d14b69ebfa64f260a55e19a7939597478b8cd6253c531c350e377faeacff3c3cafebb7b573b5db945f84c5bc614c4d51c53971da8959a', NULL);
INSERT INTO public.realm_keys_bundle_access (_id, realm, user_, realm_keys_bundle, access, from_sharing) VALUES (16, 8, 3, 11, '\x8876751d8c4c863f8d73ec092a5b6cc657f6ec89a913f6e55c4bad4a8a86c761dd6d700eb6d63c819caaab4af50dbf819dadb3e80dcce7109d88a3bfe2f75fe8ce7ddbaa4ebc580da0c6df13977a37a9df5ea042dc9c24dc6a782b62f6e7bd1f3dc9c02b7b29d6e97bfc2681', NULL);
INSERT INTO public.realm_keys_bundle_access (_id, realm, user_, realm_keys_bundle, access, from_sharing) VALUES (17, 9, 9, 12, '\xf5ed355fc961de45562b7b10ed44b53a8880350136666a1a19eac84c50d1db18704c314b1c43fad28e7d4383f553892635abe6287411fbdd6cac457f6a43976e5e55b1dfd93e73d5bf28cf53fd27de3e80429063568c20296acc0f78a7e3a9dc4cf0cdfe71c41c1fca73d054', NULL);
INSERT INTO public.realm_keys_bundle_access (_id, realm, user_, realm_keys_bundle, access, from_sharing) VALUES (18, 9, 3, 12, '\xd09af5070bb1ab45c3f0b6873b00b9fdb24507b07694674a808bbb3b9b27ac4fc29a8c427c067a67d3927a76c15e9f20069b99baee6012292c96814ec22d63b54817eac983d044f9e5e4f8ed2324323536087fe554ca986226568e6057d28b4ecd578b8de33a8d9fda8f4f4b', NULL);


--
-- Data for Name: realm_name; Type: TABLE DATA; Schema: public; Owner: postgres
--

INSERT INTO public.realm_name (_id, realm, realm_name_certificate, certified_by, certified_on) VALUES (1, 1, '\xd86e41427ffa0be87ae14b80dae0f596c41ae4b4fcc7df7a346b62bbf0e92fce0997a4c784f387d2272b79c2c1da2a6795559871eea2dc0c9b09a73f43d1e8020028b52ffd0058cd0400a40886a474797065b67265616c6d5f6e616d655f6365727469666963617465a6617574686f72d802b00001a974696d657374616d70d70100035fad31d2a000a86964d802f000000aa96b65795f696e64657801ae656e63727970746564c42d8307d9e37bd4a5fd9d104b26b86ebcf45f6b42d530879f380d94c84d016fbf6ebe524fd70a868ec2b6f2f258a30400c4411850f9738441e0007a', 1, '2000-02-04 01:00:00+01');
INSERT INTO public.realm_name (_id, realm, realm_name_certificate, certified_by, certified_on) VALUES (2, 2, '\x885d643865459542c255ab8848e926478fccfbec396568cf0e92d579a8531c60e218baf1d5ec48e1f0e4c86773595e9b58aef5d8c6bcb6c7d8b49b5a05b9b70a0028b52ffd0058cd0400a40886a474797065b67265616c6d5f6e616d655f6365727469666963617465a6617574686f72d802b00002a974696d657374616d70d70100035ffda9302000a86964d802f000000ba96b65795f696e64657802ae656e63727970746564c42d43c178bbbf71946c86491d6ba07b0f3e623dce9098e1b9753782a35df213fa9fc9d9c508ea68e8ff9113cd32ea0400c4411850f9738441e0007a', 2, '2000-02-08 01:00:00+01');
INSERT INTO public.realm_name (_id, realm, realm_name_certificate, certified_by, certified_on) VALUES (3, 3, '\x4ed70243b2706acab0ae54f8c92b3ad2061e68490dfe34d4054a8fc2f77649cfbe7ce3546ee42724e02db9225501d980bc85424a87a481805965d9192496180e0028b52ffd0058cd0400a40886a474797065b67265616c6d5f6e616d655f6365727469666963617465a6617574686f72d802b00003a974696d657374616d70d7010003604e208da000a86964d802f000000ca96b65795f696e64657801ae656e63727970746564c42d4fcec08a9f1b55cbdf09550cb0a3289f51e1a730c284511ab7de2bef0de7e89c71762c2e009ec0bf97a3025f3f0400c4411850f9738441e0007a', 3, '2000-02-12 01:00:00+01');
INSERT INTO public.realm_name (_id, realm, realm_name_certificate, certified_by, certified_on) VALUES (4, 4, '\x3e507b25d8d23ccced664fac316cb2c6720e5deb6c28c0e4787e0519311454e46fa6aab18676a5fda8301c1c82eec674d3797b7b95e41ef71d0745ddde7cbf000028b52ffd0058cd0400a40886a474797065b67265616c6d5f6e616d655f6365727469666963617465a6617574686f72d802b00004a974696d657374616d70d7010003609e97eb2000a86964d802f000000da96b65795f696e64657801ae656e63727970746564c42da2759881695a33001931da149a5621a8f2801a0228683b4ac91608546d0786ff0cd3d49299735c9e2b11f4baf50400c4411850f9738441e0007a', 4, '2000-02-16 01:00:00+01');
INSERT INTO public.realm_name (_id, realm, realm_name_certificate, certified_by, certified_on) VALUES (5, 5, '\xeacdfb3662569ffe4ba3fed7e3b1ea96a195c28f3d533787458dac93bc3db1dfffba8e3e7d7d4b284eb043d5de6604190b6c438f7c9b5d802c76d4577b68ad0d0028b52ffd0058cd0400a40886a474797065b67265616c6d5f6e616d655f6365727469666963617465a6617574686f72d802b00005a974696d657374616d70d701000360ef0f48a000a86964d802f000000ea96b65795f696e64657801ae656e63727970746564c42d5b371eb8b846855d67704be5cd603d8f8c8b78c6d9bd86b71d66a72a6a6271d5910120143fa7739406e33928950400c4411850f9738441e0007a', 5, '2000-02-20 01:00:00+01');
INSERT INTO public.realm_name (_id, realm, realm_name_certificate, certified_by, certified_on) VALUES (6, 6, '\x0145ab995bec9c6e81bea2dcdcf0a70d14774ba76c1637dadb327a1645239e6a7f37b0491d99ed047b3f7e3a5620b525389358d35c6ce5afd81cae9c72f6cd030028b52ffd0058cd0400a40886a474797065b67265616c6d5f6e616d655f6365727469666963617465a6617574686f72d802b00006a974696d657374616d70d7010003613f86a62000a86964d802f000000fa96b65795f696e64657801ae656e63727970746564c42d03c40024be90f19e5246b7ddb98bb871a02ea8b48897605aa69bdb78d7351f68a77563cab1ec3c648dd27385f10400c4411850f9738441e0007a', 6, '2000-02-24 01:00:00+01');
INSERT INTO public.realm_name (_id, realm, realm_name_certificate, certified_by, certified_on) VALUES (7, 7, '\x9ecba2a26b6b2a30304fb888196101712d0626eb1140d085d1dc583d50cae884bb8e3330e8d1916ac25191922f4a68dd34ea38012b24f1b75e20db995bf6d5010028b52ffd0058cd0400a40886a474797065b67265616c6d5f6e616d655f6365727469666963617465a6617574686f72d802b00007a974696d657374616d70d7010003618ffe03a000a86964d802f0000010a96b65795f696e64657801ae656e63727970746564c42d02ca28640be3816856bbc2f5ca33a531fea4e71786ce56d4708388c6f0116b245ca462a2852617db2f05ffc3a90400c4411850f9738441e0007a', 7, '2000-02-28 01:00:00+01');
INSERT INTO public.realm_name (_id, realm, realm_name_certificate, certified_by, certified_on) VALUES (8, 8, '\xb58c8a020b66b280afbf4aaf8e34d49c68eef640af34c463b01bea757182e59f4b4e153989f56351b06e7dd20757d46ba743e21760907e6bc3a395bd5bcc11050028b52ffd0058cd0400a40886a474797065b67265616c6d5f6e616d655f6365727469666963617465a6617574686f72d802b00008a974696d657374616d70d701000361e075612000a86964d802f0000011a96b65795f696e64657802ae656e63727970746564c42d797dcb5cb2d0e3b096046e03398e68483f18d2022b03265e425fa0ec36fd16440e4b61aee9f67af5c0131671d20400c4411850f9738441e0007a', 8, '2000-03-03 01:00:00+01');
INSERT INTO public.realm_name (_id, realm, realm_name_certificate, certified_by, certified_on) VALUES (9, 9, '\xc4d2e4d3bd2e3e2b7c715d0e601028574c54d7431c6100d494c9c17d90001918ef3cf14afc1e1aff55b761683ceac444d3836ec75d1edfcb65c960764f5e8d000028b52ffd0058cd0400a40886a474797065b67265616c6d5f6e616d655f6365727469666963617465a6617574686f72d802b00009a974696d657374616d70d70100036230ecbea000a86964d802f0000012a96b65795f696e64657802ae656e63727970746564c42db2f7d9a5d2f80c4ae43ad70afe4381b1d18e95514c963a18fe436239e36d502955069d2713d876961f373295a40400c4411850f9738441e0007a', 9, '2000-03-07 01:00:00+01');


--
-- Data for Name: realm_topic; Type: TABLE DATA; Schema: public; Owner: postgres
--

INSERT INTO public.realm_topic (_id, organization, realm, last_timestamp) VALUES (1, 1, 1, '2000-02-04 01:00:00+01');
INSERT INTO public.realm_topic (_id, organization, realm, last_timestamp) VALUES (2, 1, 2, '2000-02-08 01:00:00+01');
INSERT INTO public.realm_topic (_id, organization, realm, last_timestamp) VALUES (3, 1, 3, '2000-02-12 01:00:00+01');
INSERT INTO public.realm_topic (_id, organization, realm, last_timestamp) VALUES (4, 1, 4, '2000-02-16 01:00:00+01');
INSERT INTO public.realm_topic (_id, organization, realm, last_timestamp) VALUES (5, 1, 5, '2000-02-20 01:00:00+01');
INSERT INTO public.realm_topic (_id, organization, realm, last_timestamp) VALUES (6, 1, 6, '2000-02-24 01:00:00+01');
INSERT INTO public.realm_topic (_id, organization, realm, last_timestamp) VALUES (7, 1, 7, '2000-02-28 01:00:00+01');
INSERT INTO public.realm_topic (_id, organization, realm, last_timestamp) VALUES (8, 1, 8, '2000-03-03 01:00:00+01');
INSERT INTO public.realm_topic (_id, organization, realm, last_timestamp) VALUES (9, 1, 9, '2000-03-07 01:00:00+01');


--
-- Data for Name: realm_user_change; Type: TABLE DATA; Schema: public; Owner: postgres
--


--
-- Data for Name: vlob_atom; Type: TABLE DATA; Schema: public; Owner: postgres
--

INSERT INTO public.vlob_atom (_id, realm, key_index, vlob_id, version, blob, size, author, created_on, deleted_on) VALUES (1, 1, 1, 'f0000000-0000-0000-0000-00000000000a', 1, '\x6a98ce373781537f06c58048a400b4de7b0e63d60ac88be64009fd7062c414fae69883fca6eaf1888e95b67f84eca5113760980023e8bd14a081c497c23a4ab6adc286aa263251d8a6a8e0195e84bbbe22769287f7783e247cc3c20a73f450363d6e671b1ecef301ff5536544dccfa4f82cbecbe84928693bcb5aeb2740d1319bece363dfc01bd790da9506ee927b29a575c6495779e782f5c6c8f2be1156420d78fd3465ed8d9578f6c5dcde16769a85329d93ac05eb81534df1a68a8ba57e1efc9c2ef82f85ce90ced312e4f876a8c2acb2b52e37e3622c09262b439d7d2e726bef6abeb395d', 231, 1, '2000-02-05 01:00:00+01', NULL);
INSERT INTO public.vlob_atom (_id, realm, key_index, vlob_id, version, blob, size, author, created_on, deleted_on) VALUES (2, 2, 2, 'f0000000-0000-0000-0000-00000000000b', 1, '\xf8056c080aac589ce6a2e5db6c2eb27f8a08dc3bcc1e9804734d513841fdcb3df682c5ccd40410356a8a690b3696e918fb09d78ce06e81541c979c68083e1e3ee3ec3c0d69d3f81524bb775925007910acf093340bc980b243c0a9bd34f7399c45f273ce8177a1d17dc298eb7d295a6ddd90f663e596edf205e6e0703359d77f28f4b9ee6f7f57f2bd93203d1f73e061a806f02a568e187124b005c709b51983d18c191d660cff5a4daea4bce6d5b23027add385eaf52496ea7527aa5982996aee6c4ac126b2152b9cc60dced66692824793e1a48bc19bef50c7db9abd07ed400d1c5b747a5516', 231, 2, '2000-02-09 01:00:00+01', NULL);
INSERT INTO public.vlob_atom (_id, realm, key_index, vlob_id, version, blob, size, author, created_on, deleted_on) VALUES (3, 3, 1, 'f0000000-0000-0000-0000-00000000000c', 1, '\x0c9135a295842ae36c2897d2706d6b8c01be0fa49ead48945a6b4a471ba3623153ca4b28ba766f830c64103020781308785552953493a9ba365d5df06e91693f2518a684c07146a13032e2953f8729492f60cdc4fc8d96aac3e79f2fd4b8f0eeff298eb5861ef018ab16c2a83a94c46935a5b57059237812b554c483682f622588a6bd71ede5149c9ad8d748fca35adcd264e2434f705ab75ce91810d8e5a0751457563e6a161844daca760e7c8d4112f8a0907feafaac06a880ad90c5abf289ae94303fcbcc442243ccdc5be084ef502e425d8872c92ee9904229c6149a4a6143cafd2b3f28ea', 231, 3, '2000-02-13 01:00:00+01', NULL);
INSERT INTO public.vlob_atom (_id, realm, key_index, vlob_id, version, blob, size, author, created_on, deleted_on) VALUES (4, 4, 1, 'f0000000-0000-0000-0000-00000000000d', 1, '\xcbd0635169c9ae8a76f9e4b2531c42361c2af85100966c2835ef48e68c658f0eaf56906a6a7fdfb11ec8a7ba14d1e38e4da3f922bfdcb87d1cbfe5da34b5547259bae2e3f405f711d53463d74abda163ece07b41e1f503243f41b2d272a970b9350f1322e8dae7b145831e3b0c9450c8e1c0595f6f7cbd9a6de13d9cf593f234312d8e6b4267567ba7e9e8efeed2ff8419c4dcad354b066f0d2effd9aaf0a153a510bbae3e9e0e206313153f7e85641fb4ed78d5bea6fb1e438d7132a7a643d588ddf536126cdd1fc05e0409504f1b06c520e104a64784f806986777de5386b71e1205decbe004', 231, 4, '2000-02-17 01:00:00+01', NULL);
INSERT INTO public.vlob_atom (_id, realm, key_index, vlob_id, version, blob, size, author, created_on, deleted_on) VALUES (5, 5, 1, 'f0000000-0000-0000-0000-00000000000e', 1, '\x491579aeca6f67621271ec68e1fc46b7c50331825a605fb8003d0cd5eeabc30200d7237eca3ab66e3261dbb9940c0ffc31a35e67da6df06c288f3d9e59105068fbff8d3484ac57988fbfd457ad447314995f53514cdd6cca325a005046ffb76213f547172b2f02901207237e3b76b37b5a051667cd52092bb3a4865a9c985de584338538c8a8db296d63bd881bf4ee45ac4f4086d984eac85457bef54b2515abde627268e33b1fd33f191eeff21f0bb25a7771375016856d48078618049d6ecffa4601fcca9f780f3221bc6d7377b01210175cb1eb4d59ce72751f2d21879c33d5bfe85d39988e', 231, 5, '2000-02-21 01:00:00+01', NULL);
INSERT INTO public.vlob_atom (_id, realm, key_index, vlob_id, version, blob, size, author, created_on, deleted_on) VALUES (6, 6, 1, 'f0000000-0000-0000-0000-00000000000f', 1, '\x3f2bb96724c690a6d863001bf9db863017a3c9f9363c72efce6c7b91736310aead620834d4c6b649f7f64f475f4d3024dce4c8032cf5a372b6bfc14e3c5a643dd257dd9b0f223f220a0af83880bad7d08d01ea1bc3f7e8375fd13bf55b6728c9825474fc7fd41a362a93f5f94753de7f166b10ff70c96bcf575ed600e02980c375201192b4141bec849a8b13cdf68018a10444ccf9ea597df1d1e19e8f5b7f6ba5b9d53ace2328b3dfbe60d25f0d278990051d185d7a8021bbd667e741fdad42a381b2dc7c840768112084d662186135869327dc36ef268d9f39943a77f7abb7d5db528a70e23f', 231, 6, '2000-02-25 01:00:00+01', NULL);
INSERT INTO public.vlob_atom (_id, realm, key_index, vlob_id, version, blob, size, author, created_on, deleted_on) VALUES (7, 7, 1, 'f0000000-0000-0000-0000-000000000010', 1, '\x08a38ad6cc495ec2f6b269ab690fe423a82d8301dcd49b75d84f937f1ed9d8105c179cc0874c24e8a24e7de3bedf90065acfd8c2d99fd63bf29bdbd4ead0ee5679bb168a85de79f5ff4d8d500fe5396b495106292326ed6a718d2d63b3a0a0ffdaa457cf590c335abc5b15346b88e87baa98e288468590f72d29efcfeef5fc661a75cef48336fb93702c464c39e167e0bb98b03de6da7b6a688f815c575cc8804b9bd83343f8d3316078fd2ce00ba53636cc623f7036f4e8fac26bc3f1fd63930c518d9ced8fd7bbe7e5eb0b79dd7182c7d311ef3e14f9fb840ca6c03d17e314ea381100e16568', 231, 7, '2000-02-29 01:00:00+01', NULL);
INSERT INTO public.vlob_atom (_id, realm, key_index, vlob_id, version, blob, size, author, created_on, deleted_on) VALUES (8, 8, 2, 'f0000000-0000-0000-0000-000000000011', 1, '\xdcecc9a16c15f6722346775192b9657a9877429416b6fbefacf66085b456f6672a3f8c8ddbbf442900e44574db308733580cc7331cdd1be240c473f86d42948226b15e7233beb5b05744bbb171919e0953a12465a3b2a2c04e6251caaaaffa2b4f2ef9399c1f2c397edbf41552766bf9443897535d23f723c17607cfabb47cb9d573c8d280c0e4f0cebee403dd190080b2ad9e5c0ec11e5105922fdc130edf65c9eb9e89c2c0bd4468be06e1580afecfc0a8e6a15087c7e5347ddcf074a48609a44e288dbd3ff72ecf2c259de756f83d905c24a40ba0d91ae0f90577299780212c0035addafc22', 231, 8, '2000-03-04 01:00:00+01', NULL);
INSERT INTO public.vlob_atom (_id, realm, key_index, vlob_id, version, blob, size, author, created_on, deleted_on) VALUES (9, 9, 2, 'f0000000-0000-0000-0000-000000000012', 1, '\x34fc1533c6a42c17073485527fb4d8075e04367cd5fad1a66f92fdea4c8362a86d317a6e790f9b3582ddc0b06c5e544de2c9c8d0f2669c161b3204541cf445036f142b8c3cd060ca20702e71e65521f2274620530f31db5117616ee63d9920393488cf012f08449eb7fb424ab05f610ea82b5d22b5b88ec59978425b8f269db7265b4324da80865e1e6c0dc602ad3c77b83ba889af65373beac0b7abf3810825df64c1b879a153ef3f7193d0b39340a082e8e0a01c1286954b92e3e95179285148af468ff40be2940bac17df8ea532b511cfdbe8d1d84284569178c0b7be8029ac7f53c6a5dd9e', 231, 9, '2000-03-08 01:00:00+01', NULL);


--
-- Data for Name: realm_vlob_update; Type: TABLE DATA; Schema: public; Owner: postgres
--

INSERT INTO public.realm_vlob_update (_id, realm, index, vlob_atom) VALUES (1, 1, 1, 1);
INSERT INTO public.realm_vlob_update (_id, realm, index, vlob_atom) VALUES (2, 2, 1, 2);
INSERT INTO public.realm_vlob_update (_id, realm, index, vlob_atom) VALUES (3, 3, 1, 3);
INSERT INTO public.realm_vlob_update (_id, realm, index, vlob_atom) VALUES (4, 4, 1, 4);
INSERT INTO public.realm_vlob_update (_id, realm, index, vlob_atom) VALUES (5, 5, 1, 5);
INSERT INTO public.realm_vlob_update (_id, realm, index, vlob_atom) VALUES (6, 6, 1, 6);
INSERT INTO public.realm_vlob_update (_id, realm, index, vlob_atom) VALUES (7, 7, 1, 7);
INSERT INTO public.realm_vlob_update (_id, realm, index, vlob_atom) VALUES (8, 8, 1, 8);
INSERT INTO public.realm_vlob_update (_id, realm, index, vlob_atom) VALUES (9, 9, 1, 9);


--
-- Import done, re-enable triggers
--

SET session_replication_role = DEFAULT;
